days_before_started_study,num_slides,num_assignments_done,avg_sleep_last_week,coffee_cups_per_day,hours_studied_last_week,avg_quiz_score,midterm_score,assignments_done_ratio,class_attendance_ratio,sleep_hours_before_exam,stress_level,ai_background,mentality_type,exam_time,crisis_type,label
3,123,7,5.3,2,12.7,8.5,11.6,0.74,0.09,5.2,2.0,none,theory_heavy,morning,No_issue,12.736616
3,75,0,6.4,6,7.1,17.1,15.5,0.0,0.58,8.6,4.0,basic,memorization_heavy,morning,panic_mode,13.393155
10,271,1,8.2,2,9.7,7.9,12.2,0.15,0.16,5.2,2.0,strong,memorization_heavy,morning,Denial_mode,6.637946
10,200,1,7.7,2,34.9,10.7,13.1,0.11,0.68,8.8,1.0,basic,project_heavy,Evening,Denial_mode,9.557227
3,193,9,8.0,0,7.8,14.1,15.8,0.95,0.32,4.0,2.0,basic,theory_heavy,morning,No_issue,14.710732
5,215,1,8.9,1,34.9,11.8,12.1,0.12,0.51,5.5,1.0,none,memorization_heavy,morning,Denial_mode,7.898462
2,230,5,5.1,7,152.0,11.7,14.3,0.54,0.48,3.4,,none,theory_heavy,afternoon,panic_mode,14.716147
6,178,9,5.0,2,33.6,15.8,14.0,0.98,0.41,5.6,2.0,basic,theory_heavy,Evening,No_issue,17.014402
2,278,0,5.7,4,23.7,6.9,10.2,0.01,0.38,7.0,4.0,none,project_heavy,Evening,No_issue,12.968847
3,176,6,7.4,1,21.7,7.5,9.7,0.61,0.94,6.1,3.0,none,theory_heavy,afternoon,panic_mode,10.290145
7,140,2,7.7,5,38.1,10.3,14.0,0.21,0.31,8.9,1.0,strong,theory_heavy,Evening,Denial_mode,10.314552
8,262,7,7.9,6,16.6,15.4,12.4,0.74,0.27,3.1,2.0,basic,memorization_heavy,afternoon,No_issue,15.0879
2,224,2,4.2,0,30.1,15.1,20.0,0.21,0.04,3.3,4.0,strong,theory_heavy,afternoon,panic_mode,15.408572
3,129,4,8.1,6,30.8,11.9,9.8,0.4,0.91,8.4,3.0,none,theory_heavy,morning,panic_mode,12.7584
1,273,5,6.7,1,4.5,14.5,16.0,0.55,0.55,7.0,4.0,strong,project_heavy,Evening,Denial_mode,9.072831
6,294,6,4.6,3,31.8,9.9,11.0,0.64,0.26,6.2,2.0,none,project_heavy,Evening,No_issue,13.83467
3,61,4,7.5,5,22.1,11.6,16.9,0.45,0.25,6.3,2.0,strong,memorization_heavy,morning,No_issue,16.42262
5,208,5,6.9,0,5.1,20.0,20.0,0.53,0.93,3.6,4.0,strong,theory_heavy,afternoon,panic_mode,15.211077
6,219,0,9.0,3,18.0,9.6,,0.01,0.42,3.4,2.0,basic,project_heavy,afternoon,Denial_mode,8.775713
4,212,2,4.3,0,22.6,12.1,17.3,0.22,0.18,7.6,3.0,strong,memorization_heavy,morning,No_issue,17.112032
7,68,3,7.8,0,3.4,19.5,16.6,0.31,0.94,6.8,,strong,project_heavy,morning,No_issue,15.187232
8,157,3,4.6,2,37.1,12.8,19.0,0.33,0.35,6.7,2.0,strong,theory_heavy,Evening,No_issue,17.683027
10,267,2,4.9,2,10.6,14.8,15.3,0.3,0.59,6.0,,strong,project_heavy,morning,Denial_mode,9.944768
1,91,4,5.6,1,1.8,15.2,14.0,0.5,0.72,8.8,5.0,basic,theory_heavy,morning,Denial_mode,7.592367
1,231,2,8.2,1,1.5,11.8,12.2,0.29,0.86,4.5,4.0,basic,project_heavy,morning,Denial_mode,5.1349363
9,187,2,5.7,0,11.7,15.2,11.3,0.25,0.87,6.5,2.0,none,memorization_heavy,morning,Denial_mode,8.079927
1,99,7,4.7,1,2.9,7.8,,0.76,0.19,7.1,4.0,basic,memorization_heavy,Evening,Denial_mode,5.1302214
1,252,1,7.1,5,1.4,7.8,11.3,0.15,0.2,5.1,5.0,none,theory_heavy,Evening,Denial_mode,4.2927294
8,114,8,7.5,3,14.8,2.0,5.2,0.82,0.09,7.1,2.0,none,project_heavy,Evening,No_issue,8.639315
9,285,4,5.0,0,7.3,10.0,15.8,0.41,0.89,6.8,3.0,basic,memorization_heavy,afternoon,No_issue,14.0110235
2,164,0,7.3,4,30.8,14.7,15.8,0.08,0.85,8.4,3.0,none,project_heavy,afternoon,No_issue,17.234276
7,108,4,5.5,4,5.7,4.9,9.5,0.45,0.38,8.6,5.0,none,project_heavy,morning,panic_mode,7.5179715
6,126,6,6.2,7,7.2,12.6,17.6,0.68,0.3,8.7,,strong,theory_heavy,afternoon,panic_mode,13.586567
10,271,1,8.2,7,34.1,14.8,13.2,0.12,0.54,5.5,3.0,basic,memorization_heavy,morning,panic_mode,13.703477
7,233,9,8.9,7,0.9,14.6,15.0,0.92,0.76,4.5,3.0,basic,memorization_heavy,afternoon,panic_mode,10.207998
10,91,3,5.2,5,22.6,10.9,13.8,0.33,0.8,4.2,4.0,,project_heavy,Evening,panic_mode,13.636612
7,112,1,4.6,1,4.7,12.6,17.4,0.2,0.37,5.8,3.0,,project_heavy,afternoon,No_issue,15.515887
8,141,2,5.4,5,6.2,9.1,10.4,0.23,0.61,3.7,3.0,none,memorization_heavy,afternoon,panic_mode,8.711133
9,221,5,5.6,2,20.6,15.1,15.8,0.57,0.59,7.3,3.0,strong,memorization_heavy,Evening,No_issue,16.7976
3,147,9,4.5,3,13.5,6.4,9.5,0.97,0.25,8.7,3.0,none,project_heavy,morning,panic_mode,7.774826
5,243,9,6.9,5,0.2,5.7,,0.95,0.49,5.1,4.0,none,project_heavy,Evening,panic_mode,7.85131
4,156,1,5.0,7,23.9,8.5,12.3,0.18,0.1,6.4,3.0,basic,project_heavy,Evening,panic_mode,11.219846
3,206,7,6.9,4,9.0,4.8,8.8,0.7,0.04,5.6,4.0,none,project_heavy,morning,panic_mode,7.5262833
5,263,0,4.7,0,23.4,8.9,8.9,0.04,0.97,4.0,3.0,none,theory_heavy,morning,panic_mode,11.351297
8,203,3,8.1,6,23.2,15.2,12.4,0.38,0.65,5.7,2.0,basic,memorization_heavy,morning,No_issue,16.009346
6,74,2,8.1,7,26.3,15.5,13.1,0.22,0.83,8.6,2.0,none,memorization_heavy,Evening,Denial_mode,10.371022
7,84,1,8.1,3,19.1,14.8,10.7,0.11,0.62,5.4,2.0,none,theory_heavy,Evening,Denial_mode,8.140232
4,62,8,7.5,0,2.2,10.1,14.4,0.88,0.12,3.6,2.0,basic,memorization_heavy,morning,No_issue,12.078806
6,130,9,4.5,6,36.9,11.1,,0.99,0.32,6.1,2.0,,theory_heavy,Evening,No_issue,15.035639
10,68,3,8.9,5,15.6,12.0,12.4,0.31,0.34,4.7,2.0,none,memorization_heavy,afternoon,No_issue,14.649044
1,162,1,6.3,5,1.8,10.4,8.7,0.15,0.56,7.0,5.0,none,theory_heavy,Evening,Denial_mode,2.7621946
10,180,1,6.2,4,23.7,0.9,4.0,0.18,0.08,5.3,3.0,none,project_heavy,afternoon,panic_mode,6.093779
4,172,0,8.9,1,37.2,14.1,10.9,0.07,0.8,7.0,1.0,basic,theory_heavy,Evening,Denial_mode,7.862747
0,172,4,4.4,2,8.2,6.4,7.0,0.5,0.54,8.9,5.0,none,project_heavy,Evening,panic_mode,6.400232
0,134,4,8.0,1,7.6,12.2,12.9,0.43,0.49,5.6,3.0,basic,project_heavy,afternoon,No_issue,13.261035
0,55,1,4.1,4,7.5,5.5,9.1,0.16,0.04,8.8,4.0,none,memorization_heavy,Evening,panic_mode,6.8109674
4,70,9,4.6,3,30.2,10.5,15.0,0.98,0.5,5.8,3.0,basic,memorization_heavy,morning,No_issue,15.950182
7,243,9,4.7,5,33.0,10.6,11.9,0.91,0.84,3.3,2.0,basic,memorization_heavy,morning,No_issue,14.526642
8,76,0,7.8,5,33.1,10.3,8.7,0.01,0.86,4.6,2.0,none,memorization_heavy,Evening,Denial_mode,6.9659095
4,124,2,7.9,5,13.0,11.0,,0.21,0.33,6.9,2.0,strong,theory_heavy,afternoon,Denial_mode,7.8864813
9,214,1,8.8,2,38.9,7.6,11.1,0.12,0.71,4.3,2.0,basic,memorization_heavy,morning,Denial_mode,7.836913
4,144,2,6.7,5,25.1,10.0,11.9,0.27,0.22,8.8,2.0,none,project_heavy,afternoon,Denial_mode,8.144641
2,151,0,6.3,5,16.7,8.5,11.2,0.08,0.25,8.6,4.0,none,project_heavy,morning,No_issue,12.940998
6,277,6,6.1,1,34.0,9.5,13.1,0.62,0.4,4.9,,basic,project_heavy,Evening,panic_mode,12.042057
10,136,9,4.7,1,16.1,4.7,8.9,0.99,0.05,8.3,2.0,none,memorization_heavy,afternoon,Denial_mode,5.4052534
3,86,6,4.4,1,5.7,9.6,14.3,0.63,0.27,7.3,4.0,basic,memorization_heavy,morning,No_issue,12.76284
9,237,6,8.6,7,19.2,8.7,11.3,0.6,0.1,4.7,2.0,none,memorization_heavy,afternoon,No_issue,12.97158
5,139,8,4.5,1,36.8,11.8,25.0,0.89,0.4,4.0,3.0,basic,project_heavy,Evening,panic_mode,14.594053
8,276,2,8.7,2,24.4,17.2,12.9,0.22,0.64,4.6,1.0,basic,project_heavy,morning,Denial_mode,12.29584
0,159,0,6.3,6,0.8,8.1,13.9,0.03,0.32,5.6,5.0,basic,memorization_heavy,morning,Denial_mode,5.3955197
0,56,1,5.0,4,3.4,14.6,11.8,0.17,0.73,8.0,4.0,basic,memorization_heavy,afternoon,Denial_mode,5.343587
7,299,9,6.3,4,10.5,10.6,10.6,0.94,0.65,4.8,2.0,basic,project_heavy,afternoon,No_issue,12.657156
3,56,9,5.0,7,28.7,6.5,10.8,0.96,0.22,8.9,3.0,basic,memorization_heavy,morning,panic_mode,9.413558
5,286,8,7.5,0,2.5,10.2,14.3,0.89,0.38,5.2,3.0,basic,memorization_heavy,afternoon,No_issue,12.663646
2,280,2,4.6,1,32.5,12.8,17.2,0.23,0.07,8.4,4.0,strong,memorization_heavy,afternoon,No_issue,17.058422
9,226,5,8.7,2,16.0,11.2,10.7,0.59,0.42,7.2,1.0,basic,project_heavy,morning,No_issue,13.325046
10,243,2,4.6,4,20.3,8.3,13.4,0.25,0.05,4.5,3.0,basic,theory_heavy,Evening,panic_mode,11.286389
6,226,2,7.7,5,23.0,10.9,9.9,0.29,0.89,8.4,2.0,basic,memorization_heavy,morning,Denial_mode,7.264891
5,103,7,5.7,7,34.1,7.5,15.0,0.75,0.46,3.0,3.0,strong,project_heavy,afternoon,panic_mode,12.708251
0,85,7,4.8,4,9.8,12.2,12.7,0.7,0.66,5.9,4.0,strong,memorization_heavy,morning,No_issue,13.673433
9,284,0,7.0,1,3.2,9.8,8.1,0.01,0.99,8.2,4.0,none,memorization_heavy,Evening,panic_mode,5.383382
2,228,2,7.8,4,14.4,14.5,14.3,0.26,0.44,8.1,3.0,basic,theory_heavy,Evening,No_issue,15.8314295
6,192,3,5.8,1,3.8,14.1,12.3,0.39,0.82,3.1,3.0,strong,project_heavy,Evening,panic_mode,8.685095
2,84,0,7.9,1,16.9,7.9,13.2,0.07,0.16,7.9,2.0,strong,theory_heavy,morning,Denial_mode,8.468246
3,281,6,7.1,7,14.7,7.4,11.2,0.68,0.52,5.5,2.0,none,project_heavy,morning,No_issue,12.840288
2,108,2,8.4,4,27.5,13.7,12.9,0.25,0.11,7.7,3.0,basic,theory_heavy,afternoon,No_issue,16.053
8,287,3,6.3,7,0.4,9.3,11.7,0.38,0.5,6.5,,basic,memorization_heavy,morning,panic_mode,7.56223
3,134,0,8.7,5,6.9,6.3,10.2,0.02,0.11,7.0,,none,memorization_heavy,morning,No_issue,10.995888
1,187,9,7.0,7,9.5,15.0,17.0,0.92,0.84,4.8,4.0,strong,theory_heavy,morning,panic_mode,13.3448305
4,166,1,7.9,2,26.4,13.9,12.6,0.17,0.89,6.3,1.0,basic,project_heavy,Evening,Denial_mode,8.764291
10,293,7,8.4,0,5.4,13.0,16.1,0.8,0.73,6.1,2.0,strong,project_heavy,afternoon,No_issue,14.207533
7,294,3,5.1,2,5.3,15.5,17.5,0.33,0.12,3.7,4.0,strong,project_heavy,afternoon,panic_mode,13.290452
8,139,2,6.2,0,36.6,9.2,10.8,0.26,0.61,5.9,3.0,none,memorization_heavy,morning,No_issue,13.667099
2,174,0,8.7,6,33.9,11.2,10.0,0.03,0.77,4.2,3.0,basic,project_heavy,afternoon,panic_mode,12.055894
8,202,7,4.5,1,18.2,8.4,12.3,0.75,0.36,8.1,3.0,none,project_heavy,morning,No_issue,13.209449
2,211,4,5.2,0,29.4,13.3,15.6,0.48,0.53,4.9,4.0,strong,project_heavy,morning,panic_mode,15.405668
8,76,9,8.1,2,11.1,15.6,11.4,0.91,0.99,8.6,2.0,none,theory_heavy,morning,Denial_mode,8.06477
5,200,1,6.6,6,31.0,14.8,11.8,0.17,0.61,7.6,3.0,none,memorization_heavy,afternoon,panic_mode,12.648863
8,225,1,7.4,1,13.3,15.4,13.0,0.13,0.9,5.6,1.0,basic,project_heavy,morning,Denial_mode,9.329714
9,154,8,6.0,7,7.2,5.4,9.3,0.81,0.65,6.9,4.0,basic,project_heavy,morning,panic_mode,7.763953
0,211,4,5.0,6,10.6,9.0,9.0,0.44,0.54,5.4,4.0,none,theory_heavy,morning,panic_mode,8.167929
3,77,6,4.4,4,31.1,10.4,11.9,0.62,0.89,9.0,3.0,none,theory_heavy,morning,No_issue,14.526923
6,170,0,6.5,1,33.9,12.1,13.2,0.03,0.18,8.7,3.0,basic,theory_heavy,morning,No_issue,15.59034
10,117,5,4.3,5,3.6,12.8,12.0,0.57,0.58,8.2,4.0,basic,theory_heavy,Evening,No_issue,11.937349
10,279,6,6.3,1,36.4,9.3,15.0,0.66,0.38,7.1,2.0,strong,project_heavy,Evening,No_issue,15.805897
8,94,6,6.2,3,36.8,16.1,15.0,0.61,0.89,6.6,2.0,strong,memorization_heavy,Evening,No_issue,17.985155
9,194,4,7.4,4,20.0,1.6,4.3,0.46,0.21,6.5,2.0,none,memorization_heavy,afternoon,No_issue,7.9845333
5,193,0,6.4,7,29.4,8.6,12.1,0.06,0.05,5.6,3.0,strong,theory_heavy,afternoon,panic_mode,10.760751
4,109,4,8.3,1,8.0,7.5,13.0,0.46,0.26,5.2,3.0,strong,memorization_heavy,morning,No_issue,12.421011
9,144,4,7.6,6,35.0,17.3,17.3,0.49,0.87,6.7,2.0,basic,memorization_heavy,afternoon,No_issue,18.186453
4,226,6,4.1,1,27.5,2.5,9.0,0.64,0.46,4.8,2.0,none,memorization_heavy,afternoon,No_issue,11.680208
10,113,0,8.4,1,36.4,10.1,6.9,0.03,0.71,5.4,2.0,none,project_heavy,Evening,Denial_mode,5.2679677
8,181,7,5.2,2,33.1,20.0,17.2,0.76,0.58,4.5,3.0,strong,project_heavy,afternoon,panic_mode,17.477488
10,260,5,5.0,3,16.3,7.5,16.1,0.54,0.41,7.9,3.0,basic,project_heavy,morning,No_issue,15.478664
4,184,9,4.3,1,23.1,16.5,15.7,0.93,0.58,3.3,2.0,basic,memorization_heavy,afternoon,No_issue,16.96025
7,158,1,8.5,1,18.3,11.6,11.5,0.14,0.47,3.5,1.0,none,project_heavy,morning,Denial_mode,7.7282524
1,190,8,6.4,2,9.3,3.4,7.5,0.87,0.37,3.2,5.0,none,memorization_heavy,morning,panic_mode,6.2176495
8,143,5,4.6,4,18.4,2.8,7.3,0.52,0.34,8.1,3.0,none,theory_heavy,Evening,panic_mode,7.8940306
7,129,1,6.0,0,0.8,13.2,12.1,0.1,0.73,7.7,4.0,none,project_heavy,Evening,No_issue,11.12581
6,106,6,5.6,5,5.1,12.6,12.2,0.61,0.76,4.2,4.0,basic,project_heavy,morning,panic_mode,9.003889
3,226,7,4.6,6,9.1,16.9,17.8,0.78,0.82,4.5,4.0,strong,theory_heavy,morning,panic_mode,14.368928
0,257,6,6.1,3,6.2,10.6,13.0,0.65,0.12,8.3,5.0,,memorization_heavy,afternoon,No_issue,12.360229
7,122,5,4.2,2,32.3,7.4,7.9,0.53,0.55,3.6,3.0,none,memorization_heavy,Evening,panic_mode,9.651547
0,281,3,4.3,1,1.9,10.5,14.7,0.33,0.42,4.5,4.0,strong,memorization_heavy,morning,Denial_mode,7.118213
8,235,1,8.9,5,1.5,11.3,11.3,0.15,0.07,8.9,3.0,none,project_heavy,morning,No_issue,11.046946
9,81,4,6.5,4,31.0,9.1,6.1,0.41,1.0,7.0,3.0,none,memorization_heavy,afternoon,panic_mode,9.119013
8,207,0,8.3,6,20.2,4.6,10.2,0.03,0.73,3.2,3.0,basic,theory_heavy,afternoon,panic_mode,8.803456
4,198,5,5.5,0,3.5,10.5,16.1,0.54,0.16,4.7,4.0,basic,memorization_heavy,morning,panic_mode,11.799218
9,63,5,8.0,3,7.7,12.5,13.7,0.53,0.6,5.6,3.0,basic,project_heavy,Evening,No_issue,13.531716
10,157,3,8.9,2,1.4,8.3,9.5,0.33,0.55,3.1,3.0,none,theory_heavy,morning,panic_mode,6.137146
7,281,2,7.4,1,3.1,12.8,13.7,0.26,0.46,4.5,3.0,basic,theory_heavy,afternoon,panic_mode,9.265553
10,69,0,6.0,5,26.9,14.6,14.1,0.06,0.31,7.1,3.0,basic,memorization_heavy,afternoon,No_issue,16.714394
6,58,9,7.2,4,27.9,5.0,12.9,0.93,0.44,5.2,2.0,,theory_heavy,morning,No_issue,13.82428
2,58,0,8.3,6,39.9,18.0,15.1,0.1,0.81,5.6,3.0,basic,memorization_heavy,morning,panic_mode,16.512335
0,89,1,7.4,5,6.0,11.4,12.6,0.13,0.4,3.4,4.0,none,project_heavy,morning,panic_mode,9.257946
1,187,3,4.4,5,11.4,7.3,10.1,0.32,0.45,8.9,4.0,none,theory_heavy,Evening,No_issue,11.274539
7,158,1,4.8,0,13.7,5.7,8.4,0.18,0.75,8.7,3.0,none,project_heavy,morning,panic_mode,6.976343
9,287,2,8.7,5,29.7,11.3,10.7,0.27,0.7,6.1,3.0,none,project_heavy,afternoon,No_issue,14.236697
7,195,5,4.9,7,6.0,11.1,12.0,0.51,0.3,6.8,3.0,none,memorization_heavy,Evening,panic_mode,8.997906
9,222,7,4.9,7,0.2,19.5,19.2,0.76,0.6,7.2,4.0,strong,theory_heavy,morning,panic_mode,14.149953
10,119,6,4.1,3,1.1,14.4,18.2,0.66,0.11,6.3,3.0,strong,theory_heavy,afternoon,No_issue,15.2848
9,179,4,4.0,3,38.5,9.2,8.2,0.4,0.04,4.5,3.0,none,theory_heavy,afternoon,panic_mode,9.79145
4,190,1,4.2,3,11.0,9.6,10.7,0.2,0.68,5.3,,basic,theory_heavy,afternoon,No_issue,12.25701
10,270,3,7.8,1,8.6,14.6,13.0,0.4,0.86,4.7,2.0,none,project_heavy,afternoon,No_issue,14.221994
10,99,0,5.8,6,25.4,10.3,14.3,0.05,0.04,6.6,2.0,strong,theory_heavy,morning,Denial_mode,9.5287485
1,99,9,7.1,3,10.8,1.2,5.3,1.0,0.93,7.5,3.0,none,theory_heavy,afternoon,panic_mode,5.7921057
3,59,1,8.7,0,24.8,8.6,14.8,0.19,0.04,8.4,2.0,strong,memorization_heavy,morning,Denial_mode,8.9324465
5,82,1,6.0,0,29.0,2.8,9.0,0.12,0.34,8.6,4.0,basic,project_heavy,morning,panic_mode,8.647543
8,205,4,4.9,4,2.9,10.6,9.9,0.5,0.42,3.5,4.0,none,project_heavy,morning,panic_mode,6.672868
8,126,9,7.0,3,38.4,11.1,11.4,0.97,0.76,4.3,1.0,none,theory_heavy,afternoon,No_issue,14.534951
5,215,0,6.2,4,29.4,7.7,10.4,0.09,0.43,8.9,3.0,basic,memorization_heavy,morning,No_issue,13.1643
6,90,0,5.2,1,14.1,10.1,11.9,0.03,0.01,7.8,2.0,none,theory_heavy,morning,Denial_mode,7.2845306
1,109,0,4.1,4,1.3,8.2,11.2,0.1,0.62,7.5,4.0,none,theory_heavy,afternoon,Denial_mode,3.9485443
0,189,1,5.5,4,8.1,8.3,10.2,0.16,0.56,5.5,,basic,theory_heavy,morning,No_issue,11.889937
3,284,7,4.4,3,30.6,8.3,9.1,0.8,0.95,7.4,2.0,,project_heavy,afternoon,No_issue,12.38388
7,88,0,5.2,1,34.5,5.2,8.3,0.02,0.11,5.8,4.0,none,project_heavy,afternoon,panic_mode,9.123632
4,268,2,7.8,0,25.7,5.8,11.9,0.24,0.08,5.6,2.0,basic,project_heavy,Evening,Denial_mode,6.7864594
3,168,5,4.7,6,39.2,8.2,13.7,0.52,0.61,8.7,3.0,basic,theory_heavy,Evening,panic_mode,12.948068
0,134,3,7.9,0,6.4,5.0,7.4,0.36,0.24,3.3,4.0,none,theory_heavy,morning,panic_mode,5.278807
4,194,8,8.5,2,11.3,5.6,8.7,0.82,0.35,3.1,,basic,memorization_heavy,afternoon,No_issue,11.022261
8,73,1,5.4,5,30.2,14.5,15.6,0.12,0.4,6.9,,none,theory_heavy,afternoon,No_issue,17.192225
1,56,1,7.7,4,5.3,7.0,8.8,0.19,0.43,8.3,4.0,basic,theory_heavy,morning,panic_mode,7.423326
5,163,2,4.4,7,13.5,15.3,13.8,0.3,0.49,8.1,3.0,basic,memorization_heavy,morning,panic_mode,12.88159
10,247,6,7.9,7,31.7,12.6,11.7,0.65,0.68,8.5,2.0,none,memorization_heavy,morning,Denial_mode,8.681963
7,294,6,6.0,3,34.3,5.5,10.4,0.61,0.33,6.2,1.0,,theory_heavy,morning,No_issue,13.279399
3,179,0,8.3,7,31.0,9.7,17.1,0.05,0.35,4.6,2.0,basic,memorization_heavy,morning,Denial_mode,11.169613
3,167,6,5.7,1,7.6,10.0,9.8,0.6,0.18,3.9,4.0,basic,theory_heavy,afternoon,panic_mode,8.916112
9,265,4,8.0,5,38.0,16.4,15.0,0.5,0.43,7.7,,strong,project_heavy,morning,No_issue,18.05482
8,285,0,6.4,0,24.6,4.8,5.8,0.1,0.43,5.5,3.0,none,project_heavy,morning,panic_mode,6.4886994
3,154,3,4.9,7,15.8,13.3,12.7,0.39,0.13,8.4,3.0,none,project_heavy,Evening,panic_mode,11.611067
8,101,1,5.5,5,25.1,20.0,17.6,0.16,0.93,8.4,3.0,strong,memorization_heavy,Evening,No_issue,18.851927
6,238,4,4.7,1,12.6,8.9,16.1,0.43,0.22,6.3,2.0,basic,memorization_heavy,morning,No_issue,15.189324
4,67,0,4.3,5,28.4,11.3,14.5,0.06,0.53,6.3,3.0,strong,theory_heavy,Evening,No_issue,15.260594
10,92,4,7.3,2,10.6,4.5,8.0,0.41,0.75,3.6,2.0,none,theory_heavy,Evening,No_issue,10.051328
5,296,4,6.8,6,1.4,12.7,11.8,0.41,0.68,4.6,4.0,none,theory_heavy,Evening,panic_mode,8.915281
8,112,6,7.6,5,19.9,1.4,9.1,0.68,0.36,6.3,1.0,none,memorization_heavy,Evening,No_issue,11.726819
4,244,0,7.8,7,36.4,11.4,15.6,0.08,0.19,4.7,2.0,strong,theory_heavy,morning,Denial_mode,10.2684965
9,183,7,4.3,7,21.8,9.0,10.4,0.72,0.35,5.0,4.0,,project_heavy,Evening,panic_mode,9.347523
9,162,8,4.0,7,20.1,8.2,8.6,0.86,0.59,8.5,3.0,basic,theory_heavy,morning,panic_mode,9.583843
0,165,9,5.2,6,4.8,13.9,13.8,0.98,0.11,7.8,5.0,basic,theory_heavy,morning,Denial_mode,8.163118
0,238,1,5.3,0,10.7,4.0,5.6,0.16,0.18,4.4,4.0,,theory_heavy,Evening,panic_mode,5.6022763
2,67,0,4.1,5,17.0,11.1,13.6,0.05,0.19,5.6,4.0,none,project_heavy,morning,No_issue,14.531847
4,146,1,6.0,0,31.7,4.6,10.1,0.18,0.03,5.6,2.0,basic,memorization_heavy,morning,Denial_mode,6.9002404
6,189,6,5.9,4,1.0,3.8,8.9,0.68,0.21,3.5,4.0,basic,memorization_heavy,morning,panic_mode,5.8203373
6,293,4,4.9,0,13.4,9.5,10.2,0.45,0.48,6.3,2.0,basic,theory_heavy,morning,No_issue,13.087446
2,215,8,8.9,3,14.4,15.8,20.0,0.9,0.22,5.1,3.0,strong,theory_heavy,morning,No_issue,18.117767
3,243,7,7.1,2,10.4,10.3,12.4,0.77,0.95,7.2,1.0,none,project_heavy,afternoon,No_issue,13.4459505
9,220,0,6.0,1,35.4,5.2,10.2,0.02,0.34,7.8,3.0,basic,theory_heavy,afternoon,No_issue,12.472471
9,80,9,8.5,3,19.3,4.5,6.0,0.96,0.43,6.6,2.0,basic,memorization_heavy,afternoon,No_issue,9.514
0,267,0,5.2,7,8.7,15.4,,0.06,0.9,3.3,5.0,strong,memorization_heavy,Evening,panic_mode,10.816133
1,112,6,5.3,5,10.5,11.4,14.0,0.68,0.41,6.6,4.0,basic,project_heavy,morning,No_issue,14.076078
2,230,0,7.2,7,12.7,11.6,11.7,0.04,0.35,4.7,3.0,basic,project_heavy,afternoon,panic_mode,10.423288
5,104,2,5.4,1,5.2,6.2,8.0,0.24,0.3,6.2,4.0,none,theory_heavy,afternoon,panic_mode,5.749193
7,249,1,5.6,6,13.2,10.7,16.7,0.18,0.16,8.8,2.0,none,theory_heavy,afternoon,Denial_mode,10.576164
3,183,3,8.3,5,26.0,11.2,13.3,0.4,0.36,4.4,3.0,strong,theory_heavy,Evening,panic_mode,12.448462
4,76,4,8.5,3,16.2,9.2,10.2,0.41,0.03,8.5,2.0,none,project_heavy,afternoon,Denial_mode,6.939214
6,297,3,8.9,3,4.3,16.7,20.0,0.38,0.02,5.9,2.0,strong,memorization_heavy,morning,No_issue,16.73888
0,121,4,6.7,4,0.5,14.7,17.6,0.45,0.13,7.3,,basic,memorization_heavy,Evening,Denial_mode,7.941932
2,75,1,6.1,7,35.4,6.1,11.9,0.2,0.46,5.6,4.0,basic,memorization_heavy,afternoon,panic_mode,11.111688
3,245,5,8.2,1,21.6,11.1,13.0,0.54,0.71,7.2,1.0,basic,memorization_heavy,morning,No_issue,14.697076
7,175,1,6.4,0,31.5,13.4,15.4,0.15,0.81,4.6,3.0,strong,project_heavy,Evening,panic_mode,14.74461
9,52,8,7.9,1,29.5,15.4,17.1,0.9,0.15,5.8,1.0,strong,memorization_heavy,afternoon,No_issue,17.831257
1,77,6,8.6,1,7.5,10.4,11.9,0.65,0.69,8.6,4.0,basic,theory_heavy,afternoon,No_issue,12.479167
0,284,7,6.7,4,11.6,8.7,10.3,0.79,0.84,3.8,3.0,none,project_heavy,afternoon,panic_mode,9.421746
0,55,4,8.9,7,5.9,9.5,11.6,0.46,0.72,8.2,4.0,basic,memorization_heavy,morning,panic_mode,9.402746
3,217,2,7.7,6,20.4,11.7,13.3,0.28,0.42,7.1,,basic,theory_heavy,morning,Denial_mode,9.514871
7,160,4,7.1,0,23.7,13.6,11.5,0.44,0.53,3.8,,basic,memorization_heavy,Evening,No_issue,14.697287
5,178,3,7.9,5,1.8,13.9,14.2,0.34,0.25,8.6,4.0,none,memorization_heavy,Evening,No_issue,12.995608
8,288,5,7.7,5,26.5,15.8,11.9,0.55,0.63,8.7,1.0,basic,memorization_heavy,Evening,Denial_mode,9.195154
8,131,9,7.5,2,21.2,20.0,19.5,0.91,0.87,7.9,2.0,basic,memorization_heavy,morning,No_issue,18.898838
3,156,5,4.2,0,29.7,9.0,5.8,0.58,0.69,6.8,4.0,none,memorization_heavy,Evening,panic_mode,7.0975738
5,275,5,4.8,7,29.7,12.0,12.1,0.5,0.75,7.0,3.0,basic,project_heavy,Evening,panic_mode,12.352113
3,290,0,4.7,7,22.3,11.7,,0.03,0.23,7.9,3.0,strong,memorization_heavy,afternoon,panic_mode,12.416808
0,196,0,4.7,4,0.8,10.6,12.7,0.08,0.94,6.0,5.0,basic,theory_heavy,afternoon,Denial_mode,4.739396
5,232,8,7.2,0,16.9,6.8,,0.86,0.14,6.3,1.0,none,memorization_heavy,afternoon,No_issue,13.482942
10,282,7,5.0,0,7.0,12.0,,0.74,0.89,6.6,4.0,basic,memorization_heavy,morning,No_issue,13.295766
8,98,0,5.8,7,7.4,12.9,15.6,0.1,0.72,3.8,5.0,strong,theory_heavy,morning,panic_mode,12.192967
8,173,5,4.9,3,39.8,12.5,14.6,0.52,0.05,4.1,3.0,,theory_heavy,afternoon,panic_mode,14.790869
3,112,0,8.5,5,4.8,6.7,10.0,0.02,0.37,5.7,4.0,basic,memorization_heavy,afternoon,panic_mode,7.6212234
3,118,0,5.7,7,19.5,7.2,12.2,0.05,0.18,7.2,3.0,basic,memorization_heavy,afternoon,panic_mode,10.634321
10,149,6,6.9,5,19.9,17.6,17.5,0.62,0.23,5.4,2.0,strong,project_heavy,Evening,No_issue,18.378466
8,130,9,5.5,5,3.4,7.8,9.4,0.94,0.19,3.7,4.0,basic,theory_heavy,afternoon,panic_mode,5.609162
1,121,9,7.9,3,9.4,5.6,8.3,0.9,0.21,6.1,4.0,none,theory_heavy,morning,panic_mode,7.4141927
2,218,3,7.4,5,11.3,5.1,8.8,0.37,0.94,4.9,3.0,none,project_heavy,morning,panic_mode,8.501173
10,136,2,7.1,3,25.6,8.7,9.4,0.3,0.64,7.5,2.0,none,theory_heavy,afternoon,Denial_mode,7.0046005
2,246,3,5.2,0,34.5,10.7,10.5,0.3,0.98,5.1,4.0,basic,theory_heavy,afternoon,No_issue,14.293434
7,187,7,8.2,1,31.2,9.7,8.0,0.78,0.13,8.8,1.0,basic,project_heavy,morning,Denial_mode,6.5965357
3,114,7,6.1,0,9.5,11.5,13.1,0.8,0.95,3.2,4.0,basic,theory_heavy,afternoon,panic_mode,10.780094
1,277,5,5.2,0,7.7,6.9,7.5,0.56,0.9,5.6,5.0,none,theory_heavy,morning,panic_mode,6.390202
2,185,9,8.2,7,31.6,16.7,17.4,0.93,0.76,3.9,3.0,strong,memorization_heavy,morning,panic_mode,15.783802
9,135,0,5.2,0,35.1,14.7,18.0,0.04,0.73,5.2,2.0,strong,memorization_heavy,morning,Denial_mode,12.6373825
1,119,4,6.9,5,6.9,16.9,14.4,0.42,0.73,8.9,5.0,basic,theory_heavy,Evening,No_issue,14.16225
7,191,0,6.6,6,11.5,15.8,14.1,0.03,0.48,9.0,3.0,basic,theory_heavy,morning,panic_mode,12.177465
4,72,4,7.7,5,35.8,12.4,13.3,0.46,0.1,7.4,2.0,strong,theory_heavy,afternoon,No_issue,15.664251
6,200,8,8.0,4,20.5,9.8,15.9,0.81,0.38,5.9,1.0,strong,memorization_heavy,afternoon,No_issue,15.850182
9,227,1,7.2,6,11.8,5.2,10.0,0.18,0.14,4.8,3.0,none,theory_heavy,afternoon,panic_mode,9.015099
10,129,5,6.5,4,19.2,9.1,10.6,0.53,0.24,4.4,2.0,none,project_heavy,morning,No_issue,12.991815
2,61,6,6.8,1,9.9,12.7,15.2,0.65,0.48,4.9,5.0,strong,project_heavy,morning,panic_mode,12.488129
6,288,6,4.4,0,31.6,4.4,,0.68,0.47,4.0,,none,project_heavy,Evening,No_issue,13.989103
8,108,6,6.0,5,26.3,11.5,11.1,0.64,0.91,4.0,4.0,none,theory_heavy,morning,panic_mode,12.185002
10,113,9,8.0,3,39.2,16.4,17.6,0.99,0.31,4.4,1.0,basic,theory_heavy,morning,No_issue,18.888256
8,173,8,7.1,0,34.3,4.7,8.5,0.8,0.86,6.7,1.0,none,project_heavy,Evening,No_issue,11.558447
3,262,2,8.2,4,11.3,5.5,6.2,0.27,0.92,5.5,2.0,none,theory_heavy,Evening,Denial_mode,4.7737684
1,272,5,7.0,2,1.7,12.9,10.6,0.54,0.56,3.6,4.0,basic,memorization_heavy,morning,Denial_mode,4.5786796
7,139,9,7.1,7,36.6,12.7,14.5,0.9,0.2,3.3,3.0,basic,project_heavy,Evening,panic_mode,14.462496
8,258,0,4.6,3,27.6,8.2,7.7,0.09,0.13,6.1,3.0,none,memorization_heavy,morning,panic_mode,9.033664
0,141,1,4.1,5,11.0,3.8,8.1,0.17,0.88,8.9,5.0,none,memorization_heavy,afternoon,panic_mode,6.8901157
7,108,8,8.1,4,5.7,11.0,14.4,0.81,0.01,6.4,,basic,theory_heavy,afternoon,No_issue,12.679262
9,273,5,7.5,6,21.4,3.3,6.9,0.53,0.37,4.8,2.0,none,project_heavy,morning,No_issue,10.064077
8,131,0,6.1,0,3.1,6.5,8.6,0.03,0.05,6.7,4.0,none,theory_heavy,morning,panic_mode,6.3223205
2,261,5,5.6,3,17.9,14.6,15.6,0.59,0.47,3.9,3.0,strong,memorization_heavy,Evening,panic_mode,14.340302
4,95,0,6.3,4,7.0,12.5,12.4,0.0,0.83,5.1,2.0,basic,theory_heavy,morning,Denial_mode,6.7475686
3,232,3,6.3,2,0.9,12.9,12.5,0.35,0.6,4.0,4.0,basic,memorization_heavy,Evening,panic_mode,8.777501
4,142,9,5.4,3,34.8,11.7,12.4,0.91,0.64,7.7,2.0,basic,theory_heavy,morning,No_issue,15.11853
4,96,7,7.9,6,20.9,4.7,9.7,0.73,0.08,8.1,3.0,basic,theory_heavy,afternoon,panic_mode,9.725159
9,72,7,8.8,5,26.1,11.1,12.0,0.75,0.84,4.3,2.0,basic,theory_heavy,Evening,No_issue,14.505165
1,139,6,4.8,1,0.5,15.0,16.6,0.61,0.64,5.7,5.0,basic,project_heavy,Evening,Denial_mode,6.6806827
5,102,3,8.9,1,23.4,13.1,14.6,0.34,0.74,7.9,2.0,basic,project_heavy,Evening,No_issue,15.790149
4,227,1,4.9,0,27.3,13.3,13.1,0.11,0.73,3.1,3.0,none,memorization_heavy,Evening,panic_mode,13.189214
10,251,4,5.4,1,3.2,10.9,13.2,0.45,0.25,7.2,4.0,basic,project_heavy,morning,No_issue,11.469645
8,73,1,4.9,2,24.7,9.6,9.4,0.17,0.26,3.9,3.0,,project_heavy,morning,panic_mode,11.997541
2,266,4,8.7,2,36.7,17.9,20.0,0.42,0.62,5.1,3.0,strong,memorization_heavy,Evening,No_issue,18.9829
9,131,0,8.5,6,16.1,13.8,15.2,0.0,0.03,6.5,,none,memorization_heavy,morning,Denial_mode,10.322128
2,148,5,6.5,2,26.7,13.8,13.1,0.57,0.34,8.0,3.0,basic,theory_heavy,afternoon,No_issue,16.046124
9,55,8,6.5,4,18.6,4.7,7.8,0.84,0.47,7.4,,,memorization_heavy,Evening,No_issue,10.351738
0,85,6,8.2,7,8.2,13.6,12.8,0.64,0.21,3.7,5.0,basic,theory_heavy,afternoon,panic_mode,10.546226
7,77,8,8.0,3,38.9,15.8,12.6,0.87,0.94,5.7,,basic,theory_heavy,Evening,No_issue,17.00722
3,244,0,7.6,0,27.9,8.5,11.5,0.02,0.47,5.9,2.0,none,memorization_heavy,morning,Denial_mode,8.154491
3,116,6,8.5,0,10.8,11.6,14.5,0.62,0.24,5.2,2.0,none,memorization_heavy,morning,No_issue,14.040654
9,118,6,6.6,1,0.7,9.8,9.2,0.63,0.78,8.6,4.0,none,project_heavy,morning,panic_mode,5.7435327
1,155,0,7.7,2,3.4,11.4,14.8,0.01,0.01,5.9,3.0,,theory_heavy,afternoon,Denial_mode,8.30564
1,234,9,7.8,1,4.3,11.4,8.5,0.93,0.54,6.3,4.0,none,project_heavy,Evening,Denial_mode,2.6535316
2,135,6,5.9,1,13.6,20.0,20.0,0.62,0.67,7.8,3.0,strong,project_heavy,afternoon,No_issue,18.30275
0,77,1,7.1,5,8.4,19.6,18.7,0.15,0.85,5.1,4.0,strong,theory_heavy,Evening,No_issue,17.398632
1,121,9,5.6,2,1.2,12.1,13.0,0.93,0.26,5.3,5.0,basic,project_heavy,Evening,Denial_mode,6.4310393
0,100,1,7.3,1,7.5,14.7,10.7,0.11,0.55,5.0,3.0,none,memorization_heavy,afternoon,panic_mode,9.709341
4,60,2,4.8,0,32.8,11.7,14.0,0.22,0.26,8.5,,basic,project_heavy,Evening,Denial_mode,10.495815
3,300,1,6.8,1,5.0,5.1,11.4,0.14,0.09,4.2,3.0,none,theory_heavy,morning,panic_mode,8.516872
4,90,5,8.8,7,38.6,8.9,10.3,0.52,0.21,8.9,3.0,strong,project_heavy,morning,panic_mode,12.272693
0,159,0,8.5,6,0.0,16.4,,0.07,0.8,8.7,4.0,strong,memorization_heavy,morning,Denial_mode,4.3725963
5,251,1,5.4,6,23.9,5.9,7.7,0.13,0.49,6.9,3.0,none,theory_heavy,afternoon,panic_mode,8.806217
10,247,2,4.0,7,2.3,11.6,14.1,0.25,0.57,6.7,3.0,,project_heavy,morning,panic_mode,10.544362
2,130,3,6.4,1,29.4,17.2,15.7,0.31,0.86,5.8,3.0,strong,memorization_heavy,Evening,No_issue,17.03138
4,229,8,5.7,1,11.2,9.9,10.1,0.9,0.62,3.5,3.0,none,theory_heavy,Evening,panic_mode,9.779075
6,224,1,8.3,4,33.7,16.1,15.8,0.12,0.73,7.7,1.0,basic,project_heavy,afternoon,Denial_mode,11.187277
4,241,2,7.3,3,20.3,18.8,17.1,0.26,0.99,7.0,1.0,strong,memorization_heavy,afternoon,Denial_mode,12.859978
5,162,4,8.3,0,28.2,15.9,11.8,0.4,0.77,5.8,1.0,basic,theory_heavy,afternoon,No_issue,15.916842
4,213,9,8.3,2,5.4,6.2,11.8,0.96,0.3,4.0,3.0,basic,theory_heavy,morning,panic_mode,8.606649
9,276,2,4.1,2,22.0,12.9,13.4,0.26,0.95,3.6,3.0,strong,project_heavy,Evening,panic_mode,11.791398
3,182,6,4.1,4,19.1,16.4,16.9,0.68,0.96,5.7,2.0,basic,memorization_heavy,afternoon,No_issue,17.737629
0,299,7,8.9,3,1.0,4.7,11.7,0.71,0.99,5.1,4.0,none,project_heavy,Evening,Denial_mode,3.8549576
3,185,9,7.3,1,24.2,10.8,9.7,0.98,0.57,5.2,2.0,none,theory_heavy,morning,No_issue,13.152933
2,291,5,6.0,4,26.1,15.1,14.5,0.58,0.79,4.3,4.0,none,project_heavy,morning,panic_mode,14.840927
2,116,8,5.5,1,37.3,2.1,3.5,0.89,0.61,7.2,4.0,none,project_heavy,afternoon,panic_mode,6.5652957
7,80,2,6.2,3,17.2,6.9,10.7,0.23,0.52,6.1,3.0,none,theory_heavy,afternoon,No_issue,12.326908
8,112,2,4.5,4,13.4,13.9,14.2,0.26,0.45,5.3,2.0,none,theory_heavy,morning,Denial_mode,9.926985
8,202,6,5.8,2,21.4,11.1,16.4,0.66,0.08,7.9,2.0,strong,project_heavy,morning,No_issue,16.388151
9,161,7,5.3,6,21.9,9.6,8.8,0.78,0.44,5.2,3.0,none,theory_heavy,morning,panic_mode,11.491273
3,90,7,4.2,3,25.5,10.6,11.2,0.77,0.94,5.2,2.0,none,theory_heavy,Evening,No_issue,14.044218
2,94,9,5.9,4,27.4,14.0,13.9,0.94,0.58,7.2,3.0,basic,project_heavy,afternoon,No_issue,16.617628
4,265,6,4.7,1,5.9,16.2,17.5,0.64,0.6,7.1,4.0,strong,theory_heavy,afternoon,No_issue,16.351246
6,186,2,4.3,7,18.9,5.6,9.4,0.23,0.2,8.3,4.0,none,memorization_heavy,Evening,panic_mode,8.7521
5,231,4,7.0,2,37.8,14.4,17.1,0.41,0.47,5.4,3.0,strong,memorization_heavy,afternoon,No_issue,17.915771
2,67,4,5.7,7,24.7,9.5,13.1,0.42,0.01,8.7,4.0,basic,memorization_heavy,afternoon,panic_mode,12.319733
7,161,2,5.2,4,9.1,14.0,15.5,0.26,0.9,5.0,3.0,strong,theory_heavy,Evening,No_issue,14.99145
6,75,8,6.7,0,18.9,20.0,18.4,0.86,0.5,6.7,3.0,strong,memorization_heavy,Evening,No_issue,18.798672
8,180,9,6.7,7,2.2,5.7,8.9,0.99,0.47,5.2,4.0,none,project_heavy,Evening,panic_mode,4.7803993
2,105,1,5.1,2,1.2,1.6,10.5,0.12,0.9,4.0,4.0,none,project_heavy,Evening,Denial_mode,3.2837403
5,197,3,6.8,6,1.1,12.8,13.9,0.31,0.62,3.5,4.0,,theory_heavy,afternoon,panic_mode,9.640026
1,57,5,5.7,5,3.3,7.3,12.7,0.57,0.13,7.9,5.0,strong,theory_heavy,morning,Denial_mode,5.552876
8,61,9,4.3,5,19.8,13.0,16.4,0.97,0.99,8.5,2.0,none,memorization_heavy,afternoon,Denial_mode,11.123522
5,298,6,4.4,0,38.4,8.8,11.1,0.69,0.53,4.7,2.0,none,project_heavy,morning,No_issue,13.706552
10,144,7,4.0,1,39.2,13.0,13.6,0.74,0.45,6.1,3.0,basic,theory_heavy,morning,No_issue,16.075905
3,203,2,7.6,6,29.0,15.6,14.5,0.25,0.74,5.0,2.0,strong,theory_heavy,morning,Denial_mode,10.706369
8,66,8,5.7,7,24.6,4.4,8.8,0.82,0.29,5.5,4.0,none,memorization_heavy,Evening,panic_mode,9.707202
4,175,0,8.4,4,35.3,14.2,12.6,0.03,0.8,8.7,2.0,basic,theory_heavy,afternoon,Denial_mode,8.411276
4,114,8,6.1,5,12.0,8.2,9.5,0.9,0.41,3.1,4.0,basic,memorization_heavy,afternoon,panic_mode,8.156785
4,99,8,7.7,7,4.5,15.7,15.1,0.89,0.72,7.6,4.0,basic,memorization_heavy,morning,panic_mode,12.012345
7,121,8,7.7,2,32.4,16.0,13.1,0.88,0.41,3.5,1.0,none,memorization_heavy,Evening,No_issue,16.792948
0,251,7,4.1,7,5.0,2.9,5.0,0.74,0.5,6.5,5.0,none,project_heavy,morning,panic_mode,4.83369
6,281,8,6.7,7,21.5,13.7,12.0,0.81,0.73,4.9,3.0,none,memorization_heavy,afternoon,panic_mode,12.536782
3,294,5,6.9,7,9.6,13.4,9.4,0.58,0.82,6.4,,none,memorization_heavy,morning,panic_mode,9.528383
1,255,3,5.7,0,4.5,14.1,14.4,0.36,0.12,8.0,4.0,basic,memorization_heavy,Evening,Denial_mode,8.070756
0,97,9,5.0,6,7.4,4.9,9.3,0.99,0.19,7.2,5.0,basic,theory_heavy,morning,panic_mode,7.2841196
10,64,6,4.8,4,25.8,6.3,7.8,0.62,0.94,8.3,3.0,none,memorization_heavy,Evening,panic_mode,9.247302
5,291,2,8.1,2,8.0,5.9,9.8,0.27,0.05,6.3,3.0,basic,project_heavy,afternoon,panic_mode,8.241388
2,74,3,6.6,2,23.1,11.1,10.7,0.34,0.79,5.3,4.0,none,memorization_heavy,morning,No_issue,14.215421
3,174,6,7.7,6,20.1,13.5,14.1,0.66,0.03,6.5,2.0,basic,memorization_heavy,morning,No_issue,16.231632
8,52,8,6.0,7,0.6,7.8,14.1,0.85,0.35,7.5,4.0,basic,memorization_heavy,afternoon,panic_mode,9.508066
6,180,4,4.9,2,4.8,12.7,14.4,0.42,0.02,3.8,4.0,basic,project_heavy,morning,panic_mode,10.817354
10,212,5,6.6,3,20.1,9.9,14.5,0.5,0.14,3.3,3.0,none,project_heavy,Evening,panic_mode,13.818437
0,88,9,4.1,3,1.2,8.7,9.7,0.98,0.89,5.5,5.0,none,memorization_heavy,afternoon,Denial_mode,1.9678576
3,281,5,7.9,4,22.0,10.1,14.5,0.54,0.77,5.5,1.0,none,memorization_heavy,afternoon,No_issue,14.991549
7,132,7,6.1,2,3.4,15.6,14.7,0.78,0.92,4.2,3.0,strong,project_heavy,morning,panic_mode,11.35228
7,297,3,7.4,5,30.1,16.4,15.6,0.33,0.63,4.8,2.0,none,project_heavy,Evening,No_issue,17.25694
9,155,7,7.5,6,26.5,7.4,11.7,0.71,0.45,5.8,1.0,none,project_heavy,afternoon,No_issue,13.442407
5,87,7,7.0,4,32.9,9.5,12.8,0.72,0.58,7.0,3.0,none,theory_heavy,Evening,No_issue,14.3012295
9,220,1,4.2,5,18.9,9.4,12.2,0.2,0.29,7.3,3.0,none,project_heavy,Evening,No_issue,13.493792
3,80,5,7.4,0,0.4,12.4,11.5,0.54,0.1,8.5,3.0,basic,theory_heavy,morning,No_issue,11.35216
4,247,4,4.0,6,16.3,12.3,13.3,0.41,0.18,5.0,3.0,none,memorization_heavy,morning,panic_mode,11.308328
7,117,2,5.2,2,36.5,5.0,6.0,0.21,0.32,5.3,3.0,none,theory_heavy,morning,panic_mode,9.377476
2,112,8,8.2,0,12.0,17.6,13.3,0.84,0.61,3.6,2.0,basic,theory_heavy,afternoon,No_issue,14.646169
4,176,1,4.3,3,32.2,13.9,13.1,0.13,0.92,8.8,,basic,theory_heavy,Evening,No_issue,15.814511
3,157,6,6.2,7,8.1,10.5,15.5,0.7,0.37,7.8,4.0,strong,memorization_heavy,Evening,panic_mode,12.49009
4,76,9,6.1,2,22.7,8.2,11.6,0.91,0.03,5.2,3.0,none,theory_heavy,Evening,No_issue,13.130494
4,187,3,8.1,4,30.6,11.9,14.4,0.32,0.84,4.9,1.0,basic,memorization_heavy,Evening,No_issue,15.506503
6,69,4,5.1,4,2.0,13.2,14.0,0.44,0.74,8.9,4.0,basic,memorization_heavy,afternoon,No_issue,12.448514
6,264,4,5.3,7,31.5,5.0,9.8,0.47,0.04,4.1,5.0,basic,project_heavy,Evening,panic_mode,9.534398
4,254,2,4.7,3,18.1,12.4,10.2,0.28,0.54,6.1,3.0,none,project_heavy,Evening,No_issue,13.579992
5,176,4,7.3,7,11.3,13.6,14.5,0.49,0.71,4.9,1.0,basic,theory_heavy,afternoon,No_issue,14.654984
4,73,9,7.0,2,22.0,8.7,17.3,0.91,0.05,3.9,2.0,strong,project_heavy,morning,No_issue,15.524926
5,257,3,5.5,7,22.6,5.8,14.0,0.36,0.39,5.8,3.0,,memorization_heavy,afternoon,panic_mode,12.1966915
2,85,7,4.9,2,9.2,7.9,14.8,0.78,0.07,6.3,5.0,none,theory_heavy,afternoon,No_issue,13.884742
2,274,6,5.4,3,37.7,13.9,9.9,0.62,0.98,7.7,4.0,basic,memorization_heavy,morning,panic_mode,13.773963
9,103,6,4.0,4,6.5,2.1,5.4,0.61,0.85,8.0,5.0,none,memorization_heavy,Evening,panic_mode,5.3777027
1,247,4,4.6,3,3.5,12.5,10.8,0.45,0.51,8.9,5.0,none,memorization_heavy,Evening,Denial_mode,4.7538905
10,71,4,6.8,5,19.2,7.8,9.9,0.4,0.01,4.0,4.0,basic,theory_heavy,Evening,panic_mode,11.011472
3,147,7,9.0,3,3.4,7.3,8.5,0.78,0.28,8.1,3.0,none,theory_heavy,afternoon,panic_mode,6.085321
6,182,5,4.7,5,10.8,13.1,12.2,0.53,0.78,7.3,3.0,none,memorization_heavy,morning,No_issue,13.420784
4,50,8,5.6,5,1.4,12.2,16.7,0.87,0.2,3.4,4.0,,theory_heavy,Evening,panic_mode,10.7062235
8,209,2,4.8,7,16.2,4.9,8.1,0.24,1.0,8.8,4.0,none,theory_heavy,Evening,panic_mode,6.8914475
5,104,9,6.5,7,28.5,9.5,8.7,0.91,1.0,8.0,3.0,none,theory_heavy,Evening,panic_mode,11.868765
7,126,9,7.2,5,34.4,9.5,11.9,0.92,0.24,4.3,1.0,basic,project_heavy,afternoon,No_issue,13.700894
10,119,4,5.8,2,24.7,11.9,16.5,0.4,0.41,7.9,,strong,memorization_heavy,Evening,No_issue,16.682339
6,270,9,6.0,5,34.1,2.2,12.1,0.92,0.24,5.3,,basic,project_heavy,Evening,No_issue,13.054804
0,291,7,7.3,5,2.0,10.6,11.8,0.7,0.5,7.5,4.0,basic,memorization_heavy,afternoon,Denial_mode,4.9417458
4,122,1,4.3,2,37.8,15.9,,0.14,0.67,4.8,2.0,strong,project_heavy,Evening,Denial_mode,10.719048
0,196,8,7.4,0,4.0,14.0,13.1,0.81,0.16,4.1,3.0,basic,theory_heavy,morning,Denial_mode,6.718274
8,175,9,7.1,1,17.9,19.3,,0.94,0.33,5.9,2.0,strong,memorization_heavy,Evening,No_issue,16.920006
2,134,0,4.1,3,39.6,11.7,11.4,0.01,0.22,5.8,4.0,none,memorization_heavy,afternoon,No_issue,14.763714
6,274,8,7.9,0,5.8,8.0,10.1,0.88,0.54,8.2,2.0,basic,project_heavy,afternoon,Denial_mode,4.7440057
1,210,2,6.4,6,1.7,12.1,13.1,0.23,0.64,3.7,4.0,none,project_heavy,morning,Denial_mode,6.150422
6,134,5,5.8,1,1.4,17.2,17.2,0.57,0.86,8.7,4.0,basic,project_heavy,afternoon,No_issue,15.061914
9,54,5,7.4,4,37.1,20.0,18.5,0.58,0.74,7.7,2.0,strong,memorization_heavy,Evening,No_issue,19.520039
1,201,9,6.4,6,3.5,17.3,15.5,0.94,0.74,7.7,5.0,basic,memorization_heavy,morning,Denial_mode,8.701986
6,220,0,4.1,5,31.1,6.7,12.4,0.1,0.35,8.3,4.0,basic,memorization_heavy,Evening,No_issue,13.859974
3,120,5,4.6,7,26.8,17.6,17.8,0.51,0.72,4.9,3.0,strong,project_heavy,morning,panic_mode,16.040915
1,183,0,8.2,1,3.2,13.4,13.5,0.03,0.79,6.0,3.0,basic,theory_heavy,morning,Denial_mode,6.6245356
10,130,7,8.6,6,30.2,10.6,9.4,0.74,0.49,3.1,3.0,basic,memorization_heavy,morning,panic_mode,12.246552
5,123,6,7.9,4,15.1,9.3,10.2,0.64,0.76,6.1,1.0,none,theory_heavy,morning,No_issue,12.699771
3,291,7,6.7,5,17.6,18.1,15.4,0.72,0.55,3.0,3.0,strong,project_heavy,morning,panic_mode,15.507708
5,161,1,6.0,0,11.8,13.7,13.7,0.12,0.52,6.0,3.0,basic,memorization_heavy,morning,No_issue,14.848129
7,149,2,4.6,5,0.7,10.6,10.0,0.21,0.35,7.7,5.0,none,theory_heavy,Evening,No_issue,8.457542
5,278,2,5.7,0,12.1,9.1,15.9,0.26,0.06,4.1,2.0,,memorization_heavy,afternoon,Denial_mode,8.716864
0,258,0,8.4,0,2.8,14.6,11.5,0.03,0.5,8.0,3.0,none,memorization_heavy,Evening,Denial_mode,5.428978
10,179,4,4.0,2,26.3,9.5,16.8,0.49,0.02,8.7,2.0,,project_heavy,morning,Denial_mode,10.113417
2,130,7,7.1,7,9.5,9.7,11.0,0.72,0.19,4.8,4.0,none,memorization_heavy,afternoon,panic_mode,9.758687
0,112,2,5.7,6,10.4,17.5,14.4,0.21,0.53,5.0,,basic,project_heavy,morning,panic_mode,12.1564665
0,56,8,5.5,4,8.9,5.4,10.4,0.84,0.12,6.0,5.0,none,project_heavy,Evening,No_issue,11.244368
2,270,3,5.2,3,8.3,9.6,12.2,0.33,1.0,8.2,4.0,basic,project_heavy,Evening,No_issue,12.258472
4,235,0,7.0,2,7.4,4.3,9.9,0.04,0.17,7.3,3.0,none,memorization_heavy,Evening,panic_mode,8.9899845
1,139,2,6.1,5,11.2,19.2,20.0,0.23,0.12,7.2,4.0,strong,memorization_heavy,Evening,No_issue,17.44051
7,76,4,8.5,6,21.3,8.1,9.9,0.46,0.61,4.8,3.0,basic,project_heavy,morning,panic_mode,10.673415
1,58,9,7.1,6,126.0,12.0,8.2,0.96,0.82,5.6,5.0,basic,memorization_heavy,Evening,Denial_mode,7.7499337
1,139,6,8.7,4,4.1,10.2,12.8,0.63,0.48,6.3,,basic,memorization_heavy,morning,Denial_mode,6.1290145
5,259,7,8.7,3,23.8,4.7,10.0,0.78,0.78,6.7,3.0,none,memorization_heavy,afternoon,panic_mode,9.565832
4,297,5,6.5,2,4.1,11.4,13.0,0.54,0.29,6.8,3.0,none,memorization_heavy,afternoon,No_issue,11.77178
10,82,7,7.4,4,22.7,14.6,15.4,0.7,0.53,4.9,2.0,basic,project_heavy,Evening,No_issue,16.818897
8,286,5,5.5,1,31.7,11.0,12.8,0.57,0.98,7.0,1.0,basic,memorization_heavy,afternoon,No_issue,14.990338
0,219,6,8.1,0,1.4,14.2,16.6,0.68,0.29,5.5,3.0,basic,memorization_heavy,afternoon,Denial_mode,8.434498
5,187,1,6.6,3,1.8,12.5,15.2,0.17,0.09,7.6,3.0,none,memorization_heavy,afternoon,No_issue,13.598731
7,142,3,5.1,4,36.3,17.2,15.7,0.36,0.33,7.9,2.0,basic,project_heavy,afternoon,No_issue,17.913105
4,130,8,8.0,6,4.3,11.6,13.2,0.9,0.79,7.6,3.0,none,theory_heavy,Evening,panic_mode,8.9889145
6,147,3,7.0,1,14.5,10.3,12.3,0.33,0.26,7.9,2.0,basic,project_heavy,Evening,No_issue,13.535695
4,54,6,8.8,4,39.9,7.6,9.1,0.63,0.02,3.4,2.0,none,project_heavy,afternoon,No_issue,12.548944
6,55,4,4.0,3,11.6,4.6,7.7,0.46,0.9,4.5,3.0,basic,project_heavy,Evening,panic_mode,6.895674
0,146,5,8.5,0,8.9,9.6,12.0,0.56,0.03,3.4,3.0,basic,memorization_heavy,Evening,panic_mode,10.178152
9,81,8,6.1,6,10.2,18.7,18.6,0.88,0.61,7.0,3.0,strong,project_heavy,Evening,panic_mode,13.669363
0,211,3,5.3,4,0.3,10.1,12.1,0.32,0.83,8.2,5.0,none,theory_heavy,afternoon,Denial_mode,3.9520288
10,104,7,8.4,3,29.4,10.8,13.1,0.79,0.21,3.9,2.0,none,memorization_heavy,morning,No_issue,14.533148
5,260,6,7.8,3,17.8,13.1,18.0,0.63,0.44,8.5,2.0,strong,project_heavy,afternoon,Denial_mode,11.480033
7,209,7,8.3,3,25.5,3.2,8.2,0.71,0.08,8.3,,none,theory_heavy,afternoon,Denial_mode,6.7498593
4,110,7,5.2,2,1.2,9.6,13.2,0.71,0.19,8.7,3.0,basic,project_heavy,Evening,No_issue,11.259149
5,170,0,5.9,0,18.4,15.4,12.7,0.01,0.53,3.4,2.0,basic,project_heavy,afternoon,Denial_mode,10.104346
4,224,5,6.9,2,12.5,8.6,9.8,0.56,0.25,7.3,4.0,none,memorization_heavy,morning,panic_mode,8.300054
10,192,1,5.6,0,5.4,13.2,11.4,0.11,0.51,5.9,4.0,strong,theory_heavy,afternoon,No_issue,12.254394
7,173,3,5.3,7,25.9,7.5,10.2,0.4,0.34,6.4,3.0,none,project_heavy,afternoon,panic_mode,10.647658
5,63,7,8.7,6,21.3,9.0,8.5,0.77,0.08,8.9,2.0,none,memorization_heavy,afternoon,Denial_mode,5.5932326
8,63,7,5.3,7,34.0,10.0,12.4,0.76,0.64,7.9,3.0,basic,theory_heavy,afternoon,panic_mode,12.847516
6,206,4,7.1,6,10.2,4.5,13.1,0.49,0.33,5.2,1.0,basic,memorization_heavy,morning,No_issue,12.689176
9,249,8,4.5,6,14.4,3.3,7.9,0.81,0.44,5.0,4.0,none,memorization_heavy,morning,panic_mode,6.2098994
6,268,2,6.7,7,12.6,6.8,,0.26,0.47,8.8,2.0,basic,project_heavy,Evening,Denial_mode,7.2636843
8,284,5,5.1,0,15.3,9.3,12.2,0.55,0.8,7.1,3.0,none,project_heavy,morning,No_issue,13.648159
9,251,1,5.5,0,34.7,17.3,15.7,0.19,0.72,8.9,3.0,basic,theory_heavy,afternoon,No_issue,17.420145
0,143,4,6.4,7,7.9,11.9,9.2,0.48,0.98,7.1,5.0,none,memorization_heavy,afternoon,panic_mode,8.622446
3,150,6,8.0,4,6.7,13.5,11.6,0.62,0.74,6.3,3.0,basic,theory_heavy,afternoon,No_issue,12.924202
4,169,1,8.6,1,12.2,7.5,8.8,0.2,0.95,8.7,2.0,none,memorization_heavy,morning,Denial_mode,4.565643
8,108,4,6.3,2,16.0,4.4,7.8,0.47,0.29,6.7,3.0,none,project_heavy,Evening,panic_mode,7.3702097
8,190,6,4.7,5,19.5,9.9,9.1,0.65,0.79,6.6,4.0,basic,memorization_heavy,morning,panic_mode,10.7612095
5,218,3,4.7,6,27.3,13.0,7.9,0.36,0.91,8.1,3.0,none,project_heavy,morning,panic_mode,11.819382
9,216,8,7.9,6,6.6,16.3,17.8,0.88,0.48,8.4,3.0,basic,theory_heavy,morning,panic_mode,15.0217085
3,166,6,4.2,3,21.1,0.0,9.4,0.7,0.07,7.6,3.0,none,theory_heavy,morning,panic_mode,8.471593
3,243,5,6.9,3,9.2,20.0,18.7,0.54,0.55,4.9,4.0,,theory_heavy,Evening,panic_mode,15.271601
6,292,4,7.0,3,27.7,13.2,16.1,0.5,0.82,7.0,2.0,strong,theory_heavy,morning,No_issue,17.224264
2,281,9,4.9,1,6.4,13.2,12.6,0.94,0.54,4.1,5.0,basic,project_heavy,Evening,panic_mode,10.11837
7,192,2,8.2,6,13.4,5.4,9.4,0.21,0.72,7.6,2.0,none,memorization_heavy,morning,Denial_mode,5.380951
10,196,6,4.6,1,33.4,12.5,11.9,0.62,0.77,8.3,2.0,strong,theory_heavy,Evening,Denial_mode,8.410411
2,260,8,5.7,6,29.1,13.8,10.7,0.86,0.65,6.5,5.0,none,memorization_heavy,morning,panic_mode,12.470108
10,195,7,8.0,4,35.5,12.7,12.5,0.7,0.68,5.2,,basic,theory_heavy,morning,No_issue,15.365755
3,152,2,6.1,3,5.6,11.1,13.1,0.24,0.94,5.6,3.0,basic,memorization_heavy,afternoon,No_issue,12.21036
10,74,7,8.9,4,17.6,3.7,10.2,0.73,0.26,4.2,1.0,none,project_heavy,afternoon,No_issue,12.097138
10,243,8,8.2,6,18.6,9.1,12.8,0.84,0.3,5.2,,none,memorization_heavy,Evening,No_issue,13.956585
7,144,0,7.4,4,12.4,7.4,9.3,0.06,0.21,7.6,2.0,none,project_heavy,Evening,Denial_mode,5.64148
1,224,6,7.2,5,5.9,12.5,13.5,0.64,0.68,4.6,4.0,none,memorization_heavy,Evening,panic_mode,9.567975
2,232,2,4.2,5,5.9,16.9,17.6,0.23,0.97,7.1,4.0,strong,theory_heavy,afternoon,No_issue,16.359465
7,290,6,4.4,5,22.7,20.0,16.0,0.65,0.79,8.4,3.0,none,theory_heavy,afternoon,No_issue,18.30951
4,93,7,8.5,7,7.7,8.4,14.4,0.79,0.37,6.3,3.0,,project_heavy,afternoon,panic_mode,10.444448
3,76,0,5.7,2,18.9,4.9,13.8,0.04,0.15,6.1,3.0,strong,project_heavy,Evening,No_issue,14.445553
9,220,0,6.8,4,30.9,15.1,18.3,0.01,0.09,4.8,2.0,basic,project_heavy,Evening,Denial_mode,12.589578
0,196,0,5.2,0,0.5,10.3,11.5,0.05,0.9,4.9,5.0,none,memorization_heavy,afternoon,Denial_mode,3.5616856
0,151,6,7.3,6,0.9,12.5,14.4,0.63,0.77,5.2,3.0,basic,theory_heavy,Evening,Denial_mode,6.1044717
4,298,8,5.3,6,12.7,13.1,12.5,0.87,0.63,7.3,3.0,none,memorization_heavy,afternoon,panic_mode,11.080398
0,99,1,6.2,0,2.4,8.3,9.5,0.11,0.3,8.1,5.0,basic,memorization_heavy,afternoon,Denial_mode,2.9547145
3,122,1,4.6,2,29.5,12.9,11.7,0.19,0.16,7.6,1.0,none,memorization_heavy,Evening,Denial_mode,8.377349
8,78,3,8.3,6,1.5,15.9,14.0,0.38,0.45,8.1,3.0,strong,project_heavy,afternoon,panic_mode,11.385986
1,195,5,4.7,6,11.5,5.9,8.1,0.56,0.27,3.4,4.0,none,project_heavy,Evening,panic_mode,7.9563274
10,206,4,7.4,1,3.3,16.0,,0.45,0.54,5.1,2.0,basic,memorization_heavy,morning,No_issue,13.436342
3,186,8,7.3,3,21.0,16.8,18.9,0.82,0.78,5.7,1.0,strong,theory_heavy,afternoon,No_issue,18.191837
10,266,2,8.8,0,33.5,12.3,10.9,0.22,0.21,3.8,1.0,basic,project_heavy,afternoon,Denial_mode,8.277272
7,217,6,4.5,4,22.5,13.1,14.4,0.69,0.88,9.0,2.0,strong,project_heavy,afternoon,Denial_mode,10.519069
0,97,0,7.9,0,11.1,6.2,9.7,0.05,0.21,7.8,,none,theory_heavy,afternoon,panic_mode,8.542085
8,205,5,7.7,3,38.7,6.0,6.7,0.5,0.1,6.4,3.0,none,theory_heavy,Evening,panic_mode,9.440808
9,117,0,4.5,0,28.9,13.0,17.9,0.01,0.49,4.8,3.0,,memorization_heavy,Evening,panic_mode,14.490431
0,251,7,8.9,4,2.8,6.4,9.0,0.74,0.05,8.2,4.0,basic,theory_heavy,morning,Denial_mode,2.816929
9,266,2,4.3,4,15.8,9.9,14.5,0.25,0.33,7.6,3.0,strong,project_heavy,morning,No_issue,14.940096
3,212,4,8.7,3,37.2,16.2,13.8,0.46,0.28,4.7,2.0,strong,memorization_heavy,afternoon,No_issue,17.332386
9,241,3,7.7,3,35.8,7.7,9.2,0.4,0.89,8.6,2.0,none,project_heavy,morning,Denial_mode,7.705001
3,253,5,8.4,7,24.3,5.9,9.6,0.58,0.35,6.8,3.0,none,memorization_heavy,afternoon,panic_mode,9.6395035
1,215,1,6.9,5,2.6,19.6,16.4,0.2,0.72,8.0,4.0,none,memorization_heavy,afternoon,Denial_mode,9.59695
6,144,6,4.9,0,34.2,10.8,8.9,0.64,0.54,7.4,3.0,none,theory_heavy,morning,panic_mode,12.140373
7,149,0,4.8,1,3.3,9.4,12.3,0.07,0.23,4.2,4.0,none,memorization_heavy,Evening,panic_mode,7.9124107
10,112,1,7.1,7,11.5,13.7,14.1,0.12,0.24,6.0,2.0,strong,project_heavy,afternoon,Denial_mode,9.414475
7,205,0,5.9,5,29.3,8.6,11.9,0.05,0.35,7.0,4.0,basic,memorization_heavy,Evening,No_issue,13.813588
5,282,2,6.1,3,24.0,18.1,14.7,0.26,0.51,3.1,3.0,basic,theory_heavy,Evening,panic_mode,15.636738
6,227,3,8.0,5,15.7,13.7,11.8,0.34,0.69,8.0,2.0,basic,memorization_heavy,afternoon,No_issue,14.407443
8,248,7,5.9,4,23.1,5.2,8.7,0.73,0.75,4.1,3.0,none,memorization_heavy,afternoon,panic_mode,9.52681
3,168,2,6.0,1,28.0,9.0,12.3,0.26,0.74,8.8,,none,theory_heavy,Evening,No_issue,13.5299425
10,208,5,6.5,6,20.5,17.8,17.3,0.54,0.89,8.5,3.0,strong,project_heavy,Evening,panic_mode,14.822619
7,192,3,6.8,4,25.4,3.2,9.7,0.32,0.39,5.8,3.0,basic,theory_heavy,Evening,panic_mode,9.529328
0,206,7,6.3,2,5.9,10.6,11.3,0.76,0.21,8.5,5.0,none,theory_heavy,morning,No_issue,11.878472
10,274,9,5.6,4,5.6,13.3,10.0,0.96,0.87,5.8,4.0,none,theory_heavy,afternoon,panic_mode,9.066507
2,93,3,5.6,6,25.8,14.0,15.2,0.37,0.3,4.0,4.0,basic,memorization_heavy,morning,panic_mode,15.114389
4,209,8,6.0,3,11.3,4.2,9.2,0.85,0.06,8.5,4.0,none,project_heavy,Evening,panic_mode,7.0923996
0,226,9,7.7,5,10.0,8.5,14.1,0.98,0.45,7.3,3.0,strong,memorization_heavy,morning,No_issue,13.293441
7,298,1,7.9,0,37.3,17.6,11.0,0.12,0.67,3.5,2.0,none,project_heavy,Evening,Denial_mode,9.949689
1,202,7,7.4,0,11.6,10.1,15.5,0.78,0.91,7.5,3.0,none,theory_heavy,afternoon,No_issue,14.493462
5,167,3,5.8,2,31.9,8.2,10.2,0.35,0.77,8.4,3.0,none,memorization_heavy,Evening,No_issue,13.507771
1,263,9,4.3,7,7.3,19.7,16.8,0.99,0.57,6.5,5.0,basic,theory_heavy,afternoon,panic_mode,13.350759
7,52,3,5.0,6,26.1,11.6,9.3,0.36,0.73,3.9,,none,theory_heavy,Evening,panic_mode,11.902945
4,256,4,7.2,4,153.0,8.1,10.2,0.41,0.19,8.3,1.0,basic,memorization_heavy,Evening,Denial_mode,8.883783
8,271,5,7.2,4,2.3,9.8,13.9,0.59,0.18,6.7,2.0,none,project_heavy,afternoon,No_issue,12.134252
7,236,7,7.8,25,25.4,12.6,13.2,0.75,0.66,5.7,2.0,basic,theory_heavy,Evening,No_issue,15.431557
9,196,6,7.8,4,29.4,19.9,,0.7,0.67,4.4,1.0,strong,theory_heavy,Evening,No_issue,16.99135
6,253,8,4.1,2,6.7,7.3,11.2,0.83,0.47,5.7,3.0,none,theory_heavy,Evening,No_issue,11.647237
0,71,6,7.3,5,8.2,4.4,12.0,0.64,0.98,8.2,,basic,project_heavy,morning,No_issue,11.656673
2,297,9,4.7,3,35.8,10.8,9.1,0.94,0.08,3.1,,none,project_heavy,Evening,panic_mode,10.052963
3,89,4,5.3,1,26.2,11.0,13.3,0.43,0.47,6.8,3.0,basic,theory_heavy,morning,No_issue,15.005136
10,90,9,7.0,2,9.3,8.2,5.2,0.96,0.97,6.1,3.0,none,project_heavy,morning,panic_mode,6.6202865
6,245,7,4.2,3,32.7,9.1,10.0,0.7,0.09,4.5,1.0,none,theory_heavy,Evening,No_issue,12.715574
10,294,0,6.4,2,9.7,19.4,20.0,0.03,0.49,5.1,4.0,strong,theory_heavy,Evening,No_issue,17.740538
5,220,0,8.0,0,18.8,7.1,9.2,0.02,0.21,5.3,,strong,memorization_heavy,morning,Denial_mode,5.923564
2,300,0,6.4,3,34.8,10.0,11.5,0.03,0.06,5.7,4.0,basic,project_heavy,Evening,No_issue,14.139011
2,237,2,6.2,7,26.8,7.9,11.6,0.29,0.04,3.8,4.0,none,project_heavy,afternoon,panic_mode,11.193322
7,251,3,8.1,1,19.9,2.1,8.1,0.31,0.4,6.9,3.0,none,project_heavy,morning,panic_mode,7.2677703
8,64,7,5.1,5,10.4,6.5,8.1,0.78,0.07,6.7,4.0,none,project_heavy,Evening,panic_mode,7.614723
4,112,9,7.6,6,12.3,16.6,14.2,0.95,0.54,5.6,2.0,strong,memorization_heavy,morning,No_issue,14.899727
8,248,9,6.7,1,18.7,7.2,13.5,0.95,0.32,5.7,,,theory_heavy,Evening,No_issue,13.965663
0,222,3,8.5,5,3.1,20.0,19.1,0.39,0.51,6.2,4.0,strong,project_heavy,morning,Denial_mode,9.998289
6,272,0,4.4,3,27.6,5.0,6.2,0.02,0.65,5.4,,none,theory_heavy,afternoon,panic_mode,7.5792656
0,225,8,7.5,6,9.7,15.2,15.7,0.89,0.13,7.3,5.0,basic,memorization_heavy,afternoon,panic_mode,13.068364
7,241,9,8.8,5,2.1,9.2,13.2,0.9,0.26,5.1,3.0,basic,memorization_heavy,afternoon,No_issue,10.818326
8,226,2,6.2,7,13.7,8.5,16.3,0.28,0.5,5.6,3.0,strong,theory_heavy,Evening,panic_mode,12.043994
5,51,6,6.7,6,23.9,11.4,12.2,0.62,0.16,7.5,3.0,none,project_heavy,morning,panic_mode,12.770201
2,190,5,6.3,4,23.3,3.0,9.8,0.6,0.08,3.6,3.0,none,memorization_heavy,morning,panic_mode,9.000098
3,238,5,6.5,3,8.0,9.0,11.7,0.58,0.93,7.6,4.0,basic,project_heavy,afternoon,No_issue,12.094137
3,277,3,7.7,6,35.9,12.1,14.1,0.36,0.37,6.3,2.0,basic,theory_heavy,afternoon,No_issue,15.58403
0,183,0,7.7,5,9.6,5.7,7.6,0.01,0.09,6.6,5.0,none,memorization_heavy,Evening,panic_mode,7.1476493
6,62,6,4.7,2,33.2,15.1,10.1,0.62,0.66,7.1,,none,theory_heavy,morning,No_issue,13.564843
8,61,2,4.7,1,39.6,6.3,7.6,0.26,0.02,5.3,4.0,none,theory_heavy,Evening,panic_mode,9.19851
9,106,4,4.9,6,3.9,12.5,,0.43,0.77,8.2,3.0,strong,memorization_heavy,afternoon,panic_mode,9.473858
4,58,4,4.4,2,14.3,8.4,12.1,0.49,0.75,3.1,2.0,basic,project_heavy,morning,No_issue,12.865145
6,162,9,6.1,6,30.1,8.3,8.4,0.99,0.49,3.8,4.0,none,memorization_heavy,Evening,panic_mode,10.433654
0,176,0,7.6,1,4.4,9.7,9.9,0.01,0.71,7.3,4.0,basic,memorization_heavy,morning,Denial_mode,3.8075638
2,155,7,6.8,4,5.7,13.8,15.1,0.77,0.83,5.8,4.0,strong,memorization_heavy,Evening,No_issue,13.998547
2,215,5,8.5,2,14.4,9.9,8.7,0.58,0.94,5.7,2.0,none,memorization_heavy,Evening,No_issue,12.375646
9,153,9,5.2,2,34.7,11.7,12.0,0.98,0.07,3.2,3.0,basic,project_heavy,morning,panic_mode,11.474374
4,259,1,6.3,6,27.1,14.4,14.7,0.19,0.87,8.0,3.0,strong,theory_heavy,Evening,panic_mode,15.162196
3,115,3,8.4,3,36.0,17.4,17.6,0.37,0.65,5.8,1.0,strong,memorization_heavy,morning,No_issue,19.378477
6,135,0,8.4,6,18.4,5.5,5.3,0.04,0.73,7.0,2.0,none,theory_heavy,afternoon,Denial_mode,4.5671153
6,71,9,8.9,3,3.9,13.3,11.7,0.95,0.03,5.5,2.0,basic,theory_heavy,morning,No_issue,12.241526
9,264,0,5.5,2,9.8,6.8,5.5,0.04,0.84,8.6,4.0,none,memorization_heavy,morning,panic_mode,7.0546207
9,134,3,4.4,2,9.6,8.7,7.9,0.36,0.94,8.7,4.0,none,memorization_heavy,afternoon,panic_mode,7.328508
3,153,5,8.0,7,37.7,10.0,11.7,0.54,0.34,8.8,2.0,strong,memorization_heavy,afternoon,Denial_mode,8.819152
3,218,5,8.2,1,36.0,15.4,13.7,0.6,0.52,4.0,3.0,basic,theory_heavy,afternoon,panic_mode,15.166709
10,83,9,7.5,0,30.4,13.1,10.2,0.95,0.42,6.5,1.0,none,memorization_heavy,morning,No_issue,14.607953
8,121,9,7.1,5,16.9,7.2,9.2,0.93,0.81,9.0,,basic,project_heavy,afternoon,Denial_mode,5.259928
2,158,3,7.3,3,39.1,3.7,8.1,0.38,0.46,8.1,3.0,none,memorization_heavy,morning,panic_mode,9.458807
8,187,8,5.0,1,12.7,14.9,15.3,0.8,0.25,5.9,2.0,none,memorization_heavy,afternoon,No_issue,15.564929
2,250,9,7.9,6,32.3,17.5,19.6,0.9,0.41,5.9,3.0,strong,project_heavy,Evening,panic_mode,16.29007
1,261,2,4.3,7,11.3,8.7,9.8,0.22,0.54,8.0,5.0,basic,theory_heavy,morning,panic_mode,8.394988
6,120,0,8.7,3,32.2,11.9,11.9,0.08,0.36,4.0,2.0,none,memorization_heavy,Evening,Denial_mode,8.125289
6,223,2,4.7,2,27.9,16.8,15.7,0.27,0.79,8.2,3.0,basic,theory_heavy,afternoon,No_issue,17.419746
5,114,6,4.6,1,7.0,8.0,8.7,0.7,1.0,6.0,4.0,basic,project_heavy,morning,panic_mode,6.5263696
0,242,0,6.8,0,2.4,8.5,14.6,0.02,0.16,3.2,4.0,basic,theory_heavy,afternoon,Denial_mode,7.22968
1,107,2,8.8,1,4.7,16.2,17.6,0.27,0.4,3.1,3.0,basic,theory_heavy,Evening,Denial_mode,9.098327
3,269,3,5.6,4,2.0,11.0,11.9,0.32,0.79,4.4,3.0,none,project_heavy,morning,panic_mode,8.057108
8,64,6,7.3,7,23.6,7.9,10.3,0.62,0.23,4.6,2.0,none,memorization_heavy,morning,No_issue,13.076817
3,263,2,4.4,6,12.3,16.1,13.3,0.2,0.78,6.6,2.0,basic,project_heavy,morning,Denial_mode,8.902307
3,220,5,7.0,2,34.4,11.0,9.9,0.5,0.99,7.3,3.0,,memorization_heavy,afternoon,panic_mode,12.466618
2,293,5,4.1,0,17.0,8.5,9.3,0.55,0.16,3.6,3.0,,project_heavy,morning,panic_mode,8.913848
2,88,5,7.2,6,39.8,8.4,10.2,0.52,0.14,8.4,3.0,basic,project_heavy,morning,panic_mode,12.05077
2,233,6,5.1,7,34.5,8.5,,0.63,0.24,7.7,4.0,none,memorization_heavy,Evening,panic_mode,11.877828
6,217,9,6.9,5,9.4,17.0,16.8,0.92,0.75,4.6,4.0,strong,memorization_heavy,Evening,panic_mode,13.414171
3,251,4,7.3,1,32.2,16.5,9.4,0.46,0.9,8.4,3.0,basic,memorization_heavy,Evening,panic_mode,10.526122
10,146,0,8.0,4,18.1,13.6,15.8,0.01,0.64,3.9,1.0,basic,project_heavy,Evening,Denial_mode,10.487581
9,281,5,4.7,7,7.2,12.8,12.3,0.56,0.31,6.7,4.0,basic,theory_heavy,morning,panic_mode,10.277387
8,270,3,6.7,5,25.2,9.7,10.5,0.39,0.72,7.3,4.0,basic,memorization_heavy,morning,No_issue,13.904877
10,87,1,5.0,6,17.9,14.0,16.3,0.16,0.55,6.4,3.0,basic,project_heavy,afternoon,panic_mode,14.725045
5,90,5,7.8,5,26.3,12.8,15.0,0.55,0.55,5.0,2.0,strong,project_heavy,morning,No_issue,16.598679
6,283,2,8.2,0,7.8,16.8,16.4,0.22,0.7,7.8,4.0,strong,project_heavy,morning,No_issue,15.854331
10,229,5,6.9,4,32.2,11.6,11.2,0.52,0.72,6.0,2.0,none,theory_heavy,morning,No_issue,15.038363
9,158,7,6.2,6,34.1,14.2,12.7,0.77,0.62,6.0,3.0,none,theory_heavy,Evening,panic_mode,12.879707
1,133,9,5.3,6,2.2,4.5,8.5,0.95,0.35,7.6,5.0,none,project_heavy,morning,Denial_mode,1.4892464
3,264,1,4.5,1,30.5,7.7,9.7,0.12,0.49,6.4,3.0,basic,theory_heavy,Evening,panic_mode,9.600944
3,156,8,8.4,6,38.6,11.7,11.5,0.84,0.66,7.4,2.0,basic,project_heavy,Evening,No_issue,14.67294
0,288,7,5.9,2,3.9,4.8,8.1,0.76,0.81,7.3,4.0,basic,theory_heavy,morning,Denial_mode,3.0242355
10,279,2,7.2,5,37.1,6.0,7.4,0.21,0.08,8.6,3.0,none,project_heavy,morning,panic_mode,10.356167
3,196,0,5.0,5,36.2,9.0,11.1,0.05,0.97,5.7,3.0,none,project_heavy,morning,No_issue,14.089029
10,288,0,4.7,7,5.9,11.3,11.3,0.04,0.91,4.4,4.0,basic,theory_heavy,morning,panic_mode,9.082564
8,253,6,8.0,1,27.1,15.0,14.0,0.63,0.9,3.9,3.0,none,memorization_heavy,morning,panic_mode,14.478612
6,141,5,7.9,3,23.5,14.4,10.1,0.53,0.72,6.0,1.0,basic,memorization_heavy,Evening,No_issue,14.277951
9,200,0,6.0,0,21.0,14.8,15.8,0.02,0.4,5.0,2.0,basic,theory_heavy,afternoon,Denial_mode,10.436281
3,158,6,5.5,3,18.7,10.7,12.0,0.67,0.96,7.2,2.0,basic,memorization_heavy,afternoon,No_issue,13.917195
5,112,4,7.5,2,20.6,8.9,9.8,0.45,0.1,3.6,2.0,basic,theory_heavy,morning,No_issue,12.131878
7,298,7,8.9,4,20.1,11.3,10.5,0.76,0.27,5.4,2.0,basic,memorization_heavy,Evening,No_issue,13.434385
6,120,5,8.2,5,18.6,12.5,14.8,0.56,0.62,5.9,2.0,none,memorization_heavy,morning,No_issue,16.299541
3,298,0,6.6,6,3.6,10.9,15.1,0.08,0.46,4.5,4.0,basic,theory_heavy,afternoon,panic_mode,11.4217
8,124,0,8.9,3,23.7,10.6,11.7,0.1,0.91,5.9,1.0,basic,theory_heavy,afternoon,Denial_mode,8.076536
3,171,6,6.9,4,17.6,14.4,10.2,0.63,0.92,7.9,2.0,none,memorization_heavy,morning,No_issue,13.66246
9,151,6,7.1,5,28.1,7.6,9.1,0.69,0.03,8.8,3.0,none,project_heavy,morning,panic_mode,10.252706
9,83,2,8.8,3,26.0,6.5,8.2,0.29,0.7,6.6,2.0,none,theory_heavy,Evening,Denial_mode,5.672024
6,171,2,8.6,1,9.3,8.2,9.4,0.29,0.3,7.4,1.0,basic,theory_heavy,Evening,Denial_mode,5.857395
2,132,9,4.5,7,21.1,16.1,16.5,1.0,0.55,3.4,4.0,none,memorization_heavy,morning,panic_mode,14.571897
10,165,0,8.5,2,19.5,11.3,15.1,0.06,0.15,5.8,2.0,,theory_heavy,afternoon,Denial_mode,10.0048
10,191,7,6.5,4,26.4,8.5,7.8,0.75,0.84,7.8,4.0,basic,theory_heavy,morning,panic_mode,11.0196295
8,71,4,6.9,1,1.4,12.4,17.8,0.41,0.4,8.4,3.0,strong,memorization_heavy,morning,No_issue,15.218033
2,242,5,8.0,3,27.9,13.8,14.5,0.54,0.52,8.2,3.0,basic,project_heavy,Evening,No_issue,16.615404
2,94,8,8.7,5,18.7,14.7,19.2,0.82,0.33,4.9,2.0,strong,memorization_heavy,afternoon,No_issue,17.735077
5,51,6,8.6,4,33.7,3.3,8.2,0.66,0.05,8.8,2.0,basic,memorization_heavy,morning,Denial_mode,5.693979
3,94,2,6.0,4,20.7,17.0,18.2,0.23,0.85,3.8,3.0,strong,theory_heavy,Evening,panic_mode,14.97915
0,268,8,5.4,4,3.5,14.3,12.3,0.86,0.69,7.9,4.0,basic,project_heavy,Evening,Denial_mode,5.693101
5,78,8,5.4,7,28.2,5.4,10.1,0.83,0.45,8.9,2.0,none,memorization_heavy,Evening,Denial_mode,6.3133545
5,148,2,4.4,6,36.5,13.6,13.0,0.26,0.85,8.9,,none,project_heavy,Evening,panic_mode,12.809277
2,274,5,4.1,3,15.9,8.1,13.3,0.51,0.25,7.1,4.0,none,theory_heavy,morning,No_issue,13.773112
0,222,0,5.1,3,0.8,15.4,15.0,0.0,0.02,8.6,4.0,basic,project_heavy,morning,Denial_mode,6.589804
9,150,5,4.5,0,13.8,13.2,12.1,0.53,0.68,5.1,3.0,basic,theory_heavy,Evening,No_issue,13.85953
1,87,0,7.1,5,8.5,15.0,15.9,0.06,0.22,7.7,4.0,basic,memorization_heavy,afternoon,No_issue,15.426783
9,194,4,6.6,6,11.7,18.2,15.8,0.47,0.98,3.0,3.0,none,memorization_heavy,afternoon,panic_mode,13.659385
6,171,6,5.6,0,35.3,14.8,15.5,0.64,0.41,8.8,3.0,strong,memorization_heavy,afternoon,No_issue,17.206476
2,181,2,7.3,5,13.9,9.0,11.4,0.25,0.31,3.6,3.0,basic,theory_heavy,afternoon,panic_mode,9.886223
3,212,1,4.9,6,35.6,17.9,18.3,0.12,0.86,6.2,2.0,none,project_heavy,Evening,Denial_mode,13.366913
10,296,8,8.7,5,1.6,11.6,13.3,0.81,0.38,7.3,3.0,strong,project_heavy,afternoon,No_issue,11.893568
9,68,2,8.9,6,22.1,13.2,12.6,0.22,0.11,3.1,1.0,basic,project_heavy,afternoon,Denial_mode,8.85167
10,193,2,6.8,5,1.5,7.8,10.4,0.21,0.91,7.5,,none,project_heavy,morning,No_issue,8.357753
4,218,6,6.7,3,5.6,10.0,9.1,0.63,0.84,4.3,4.0,none,memorization_heavy,morning,panic_mode,7.6371365
2,121,1,6.1,5,15.9,9.0,13.9,0.15,0.09,3.5,4.0,basic,project_heavy,afternoon,panic_mode,9.934531
9,174,2,7.3,4,0.5,9.9,9.5,0.29,0.33,5.3,3.0,none,project_heavy,Evening,panic_mode,5.738407
1,59,1,5.0,0,3.1,10.5,8.9,0.17,0.73,8.6,5.0,basic,project_heavy,afternoon,Denial_mode,2.369208
6,232,7,7.9,5,27.0,8.5,9.8,0.79,0.43,4.4,3.0,,theory_heavy,afternoon,panic_mode,11.098564
8,176,4,6.4,3,35.0,10.5,10.1,0.44,0.41,8.3,3.0,none,theory_heavy,afternoon,No_issue,13.678399
6,244,0,6.2,2,26.5,9.2,13.6,0.02,0.44,7.7,,basic,project_heavy,afternoon,No_issue,14.749159
10,210,9,5.7,0,2.4,8.2,10.2,0.96,0.69,6.0,4.0,none,theory_heavy,afternoon,No_issue,8.480892
9,202,5,4.6,1,13.3,2.1,10.1,0.57,0.43,6.6,2.0,none,memorization_heavy,morning,No_issue,11.456304
5,274,3,7.8,5,20.3,12.6,11.7,0.33,0.91,7.1,2.0,none,memorization_heavy,afternoon,No_issue,14.369067
4,92,1,8.1,7,38.2,15.5,17.5,0.17,0.87,6.7,2.0,strong,project_heavy,afternoon,Denial_mode,12.605721
7,261,3,7.7,2,19.7,10.6,10.1,0.34,0.72,5.7,,basic,project_heavy,morning,No_issue,13.040747
7,114,9,8.9,6,30.9,10.3,11.9,0.96,0.73,3.0,2.0,basic,project_heavy,morning,No_issue,13.957858
2,161,0,5.4,2,38.2,12.5,15.0,0.09,0.21,8.1,4.0,basic,memorization_heavy,Evening,No_issue,16.82322
4,107,8,7.7,3,0.0,13.2,6.2,0.89,0.79,6.0,3.0,none,memorization_heavy,Evening,panic_mode,4.3995585
6,212,2,5.0,4,35.9,3.3,7.2,0.26,0.8,7.0,3.0,none,theory_heavy,afternoon,panic_mode,8.668319
1,164,8,4.7,4,8.4,8.7,9.4,0.84,0.69,6.4,5.0,none,memorization_heavy,morning,panic_mode,7.5505466
8,236,1,8.7,7,22.9,12.6,15.4,0.14,0.16,4.2,1.0,basic,theory_heavy,Evening,Denial_mode,10.529008
0,288,7,4.2,1,9.2,17.6,15.3,0.76,0.02,4.1,5.0,basic,project_heavy,morning,panic_mode,13.864305
3,267,6,4.5,5,16.7,6.8,6.4,0.62,0.68,7.4,4.0,none,memorization_heavy,afternoon,panic_mode,6.6440063
1,182,1,5.3,2,2.3,11.6,12.5,0.17,0.93,3.4,5.0,none,theory_heavy,afternoon,Denial_mode,5.3044734
2,146,8,4.8,2,19.7,14.1,13.7,0.85,0.68,4.9,4.0,strong,theory_heavy,morning,panic_mode,14.205487
8,233,3,5.4,6,17.4,15.0,15.5,0.35,0.65,3.6,3.0,basic,project_heavy,Evening,panic_mode,14.700925
4,116,0,8.1,6,24.2,11.9,15.2,0.02,0.5,5.6,2.0,strong,project_heavy,morning,Denial_mode,10.11672
7,284,9,5.3,1,37.0,4.1,9.1,1.0,0.52,5.8,,none,memorization_heavy,afternoon,panic_mode,10.433249
7,53,5,7.5,5,21.3,14.1,17.6,0.57,0.49,6.7,2.0,basic,project_heavy,afternoon,No_issue,18.009777
0,256,6,8.2,7,11.0,11.6,17.6,0.63,0.29,5.9,2.0,strong,memorization_heavy,Evening,No_issue,16.187635
10,276,7,8.5,4,11.8,5.0,7.0,0.8,0.32,7.6,2.0,basic,project_heavy,Evening,No_issue,10.649416
2,300,4,8.0,4,32.3,5.6,8.5,0.45,0.57,6.0,4.0,basic,theory_heavy,morning,panic_mode,9.582498
5,72,9,5.1,7,17.2,14.7,14.8,0.91,0.35,4.6,3.0,basic,memorization_heavy,Evening,panic_mode,13.034488
0,121,4,6.2,0,5.2,17.7,16.0,0.46,0.91,6.3,5.0,strong,project_heavy,Evening,No_issue,14.749545
10,216,2,6.9,4,38.5,12.1,9.9,0.23,0.65,5.0,3.0,none,theory_heavy,afternoon,panic_mode,13.142277
7,260,1,4.2,6,26.4,3.4,8.1,0.16,0.35,5.3,4.0,none,theory_heavy,morning,panic_mode,8.346277
0,166,0,7.8,3,1.1,8.2,11.3,0.06,0.49,5.2,4.0,none,memorization_heavy,Evening,Denial_mode,4.3690586
2,177,9,7.8,5,20.4,4.0,8.7,0.99,0.49,6.7,4.0,none,project_heavy,afternoon,panic_mode,8.726406
9,218,0,8.4,3,36.0,12.1,10.6,0.09,0.81,5.9,2.0,,project_heavy,Evening,Denial_mode,8.260596
0,63,3,4.4,6,7.5,18.4,18.2,0.34,0.71,4.1,5.0,strong,memorization_heavy,Evening,panic_mode,13.785722
1,234,8,5.1,6,9.7,19.3,19.5,0.87,0.84,8.7,5.0,,memorization_heavy,Evening,panic_mode,15.331274
4,220,1,4.2,6,21.7,15.2,13.7,0.2,0.83,7.6,3.0,strong,project_heavy,afternoon,panic_mode,14.563253
7,211,0,5.0,7,27.0,7.4,11.8,0.02,0.35,6.5,4.0,none,theory_heavy,Evening,panic_mode,10.8841305
5,136,9,5.7,1,33.1,10.1,,0.96,0.01,6.1,2.0,basic,project_heavy,Evening,No_issue,14.762905
7,268,0,5.9,4,34.8,14.8,11.2,0.05,0.01,6.8,3.0,none,memorization_heavy,morning,No_issue,15.630892
3,115,6,7.2,5,31.2,3.9,10.0,0.63,0.42,3.0,2.0,none,memorization_heavy,afternoon,No_issue,12.476149
2,212,2,6.3,6,14.0,4.3,13.8,0.29,0.43,6.8,3.0,,theory_heavy,afternoon,panic_mode,11.104893
7,300,8,4.8,4,30.7,12.1,11.0,0.89,0.93,7.1,3.0,none,project_heavy,morning,No_issue,14.767673
10,260,3,8.2,6,16.4,9.5,10.8,0.36,0.81,8.7,2.0,none,project_heavy,afternoon,Denial_mode,6.9665413
0,61,1,5.9,6,7.1,6.1,8.1,0.15,0.94,7.4,5.0,none,memorization_heavy,Evening,panic_mode,7.384944
6,100,6,5.4,5,35.0,10.4,11.4,0.64,0.21,6.3,4.0,none,memorization_heavy,afternoon,No_issue,14.62048
1,69,6,8.1,4,11.8,6.6,6.6,0.68,0.97,3.6,4.0,none,memorization_heavy,afternoon,panic_mode,7.003258
5,160,8,8.0,2,36.4,12.2,16.7,0.85,0.36,6.7,,strong,theory_heavy,Evening,No_issue,17.375725
5,113,2,4.4,7,30.3,7.4,7.4,0.27,0.0,5.8,4.0,none,theory_heavy,morning,panic_mode,9.893302
2,116,1,7.5,1,24.9,2.7,8.2,0.12,0.25,8.6,3.0,none,memorization_heavy,Evening,panic_mode,6.5279236
1,134,3,6.1,1,8.7,13.1,15.3,0.39,0.77,4.2,4.0,none,memorization_heavy,Evening,panic_mode,12.73547
6,112,5,7.5,1,38.7,9.8,12.8,0.57,0.94,5.3,2.0,none,project_heavy,afternoon,No_issue,14.74956
4,106,4,7.7,3,23.2,15.9,16.4,0.47,0.36,6.5,2.0,basic,theory_heavy,afternoon,No_issue,17.84292
9,254,9,8.9,3,22.0,8.4,12.7,0.98,0.27,5.4,2.0,none,project_heavy,Evening,No_issue,13.882891
1,190,3,5.7,2,8.6,8.4,7.6,0.4,0.32,4.3,5.0,none,theory_heavy,Evening,panic_mode,6.98056
5,160,9,6.1,0,36.0,15.7,16.8,0.94,0.19,6.4,,basic,theory_heavy,Evening,No_issue,18.039951
3,200,8,6.9,6,10.9,12.9,16.6,0.88,0.44,8.0,3.0,strong,theory_heavy,afternoon,panic_mode,13.280113
9,224,2,4.5,4,8.2,15.3,12.7,0.3,0.79,6.1,3.0,,project_heavy,afternoon,No_issue,13.757978
4,185,8,8.3,1,15.8,16.1,17.4,0.84,0.47,5.1,1.0,strong,theory_heavy,afternoon,No_issue,17.760769
1,198,2,5.9,0,3.5,12.1,10.4,0.23,0.58,3.4,5.0,basic,project_heavy,Evening,Denial_mode,4.6093206
9,106,0,9.0,0,33.4,16.1,13.8,0.02,0.79,3.9,1.0,basic,memorization_heavy,Evening,Denial_mode,10.321215
2,291,2,7.1,2,29.0,11.2,10.7,0.28,0.74,8.3,2.0,,theory_heavy,morning,Denial_mode,7.9792385
1,229,9,4.4,0,11.6,11.4,11.4,0.93,0.43,7.8,3.0,none,theory_heavy,Evening,No_issue,13.124782
6,250,4,6.9,4,29.2,4.3,8.2,0.4,0.28,6.0,3.0,basic,memorization_heavy,afternoon,panic_mode,9.191459
5,248,1,7.6,2,1.9,12.5,16.6,0.19,0.66,3.5,2.0,basic,memorization_heavy,Evening,Denial_mode,9.145248
1,62,6,6.3,5,2.2,8.0,5.4,0.61,0.61,4.7,5.0,none,theory_heavy,Evening,Denial_mode,1.1094241
2,229,6,9.0,3,0.1,11.2,13.6,0.64,0.02,6.4,4.0,basic,memorization_heavy,Evening,Denial_mode,5.1994843
1,163,4,8.2,6,5.4,16.1,13.3,0.47,0.92,7.6,4.0,none,theory_heavy,afternoon,panic_mode,9.81409
10,66,6,4.2,2,9.9,10.0,13.5,0.63,0.49,4.3,3.0,none,project_heavy,morning,panic_mode,10.72348
3,113,4,4.8,7,30.7,13.3,12.6,0.44,0.55,6.8,3.0,basic,memorization_heavy,Evening,panic_mode,13.027852
0,133,2,4.6,7,0.5,17.6,16.9,0.26,1.0,6.0,5.0,basic,theory_heavy,afternoon,Denial_mode,6.9165564
4,192,7,4.9,0,36.2,5.1,10.5,0.72,0.09,3.1,3.0,none,project_heavy,afternoon,panic_mode,9.693579
1,188,0,5.1,1,6.9,15.2,9.8,0.09,0.62,3.9,5.0,,theory_heavy,Evening,panic_mode,8.787213
3,240,4,5.4,4,20.8,16.2,14.5,0.46,0.0,3.0,2.0,basic,project_heavy,Evening,No_issue,16.784622
3,204,4,4.9,6,15.6,1.3,8.7,0.42,0.47,3.1,,none,theory_heavy,morning,panic_mode,7.5345535
8,289,4,6.8,4,9.8,14.3,14.1,0.42,0.79,3.7,,none,memorization_heavy,morning,panic_mode,11.824654
6,101,1,5.8,6,17.9,10.4,11.0,0.11,0.46,3.2,3.0,none,memorization_heavy,morning,panic_mode,11.860008
10,172,7,8.2,1,15.5,18.7,19.3,0.76,0.57,5.8,2.0,strong,memorization_heavy,Evening,No_issue,18.867737
2,161,0,8.4,2,18.4,14.7,,0.05,0.84,6.6,3.0,basic,theory_heavy,afternoon,No_issue,15.360684
3,204,5,7.6,2,27.2,13.5,11.0,0.53,0.67,4.0,,none,project_heavy,afternoon,No_issue,14.633258
4,201,9,5.5,2,22.4,9.1,14.3,0.97,0.15,4.1,2.0,basic,memorization_heavy,afternoon,No_issue,14.18189
9,214,3,7.1,1,20.3,14.8,18.1,0.31,0.43,6.1,2.0,basic,theory_heavy,morning,No_issue,18.068773
2,180,3,5.9,4,23.8,16.4,15.2,0.31,0.82,6.1,3.0,none,theory_heavy,Evening,No_issue,17.218155
6,71,3,4.2,4,4.2,11.2,11.6,0.38,0.86,6.7,4.0,basic,memorization_heavy,afternoon,No_issue,10.566437
5,243,3,6.7,3,25.0,4.4,8.6,0.32,0.05,7.5,3.0,none,memorization_heavy,morning,panic_mode,8.931646
1,189,7,8.7,2,2.7,14.3,14.2,0.79,0.84,6.8,3.0,none,project_heavy,morning,Denial_mode,8.000448
3,230,0,5.5,3,8.0,10.7,14.5,0.0,0.23,7.2,4.0,basic,memorization_heavy,afternoon,No_issue,13.388884
1,219,4,6.0,2,7.0,15.1,14.6,0.43,0.29,3.2,4.0,,memorization_heavy,morning,panic_mode,11.567223
2,275,6,6.8,2,20.6,4.0,,0.69,0.45,3.9,4.0,basic,memorization_heavy,morning,panic_mode,10.710008
1,150,2,7.9,2,7.2,13.1,11.2,0.29,0.97,5.8,4.0,basic,project_heavy,afternoon,No_issue,12.624288
5,71,8,8.3,7,10.8,18.5,14.2,0.85,0.74,4.0,1.0,strong,project_heavy,Evening,No_issue,14.377699
6,97,1,4.2,5,15.7,12.3,15.3,0.12,0.21,5.2,3.0,strong,project_heavy,morning,No_issue,16.11344
10,86,9,5.3,3,22.2,12.4,11.4,0.96,0.11,6.5,3.0,none,theory_heavy,Evening,No_issue,14.467051
3,140,0,6.8,0,24.4,7.1,13.4,0.05,0.03,7.3,2.0,none,memorization_heavy,Evening,Denial_mode,8.602766
8,97,2,6.3,3,38.7,6.5,12.5,0.25,0.14,8.0,2.0,none,memorization_heavy,afternoon,Denial_mode,9.1764145
4,93,7,8.5,5,34.6,8.5,15.5,0.77,0.09,8.4,2.0,basic,project_heavy,morning,Denial_mode,10.035819
9,239,3,5.9,1,28.7,18.4,16.5,0.38,0.76,7.0,,basic,theory_heavy,afternoon,No_issue,18.133305
0,293,6,5.3,1,4.8,12.7,17.2,0.65,0.46,5.8,4.0,strong,theory_heavy,Evening,Denial_mode,9.41246
7,118,6,4.2,1,30.2,13.3,14.8,0.68,0.94,7.7,2.0,none,theory_heavy,morning,No_issue,16.791224
0,100,0,4.1,3,8.4,10.5,12.2,0.01,0.04,8.8,4.0,basic,memorization_heavy,Evening,No_issue,12.601977
9,77,6,5.4,1,28.0,12.1,14.5,0.63,0.45,5.7,2.0,,memorization_heavy,Evening,No_issue,16.140043
0,299,3,6.8,1,10.1,5.6,10.7,0.31,0.41,8.8,3.0,basic,memorization_heavy,afternoon,No_issue,11.372499
1,150,5,6.4,6,8.2,9.8,11.9,0.56,0.57,7.5,4.0,basic,theory_heavy,afternoon,panic_mode,10.256488
5,186,9,7.5,4,7.8,16.9,19.1,0.93,0.09,3.9,4.0,strong,memorization_heavy,afternoon,panic_mode,13.675679
7,68,3,4.2,7,4.9,16.7,18.5,0.39,0.65,6.1,4.0,strong,theory_heavy,afternoon,panic_mode,13.392349
7,133,7,5.3,4,35.0,16.3,16.0,0.72,0.73,3.9,2.0,strong,project_heavy,afternoon,No_issue,17.803673
5,71,6,6.1,1,38.2,9.2,10.4,0.61,0.32,4.7,3.0,none,project_heavy,morning,panic_mode,11.738813
7,243,8,6.2,0,27.1,0.0,7.4,0.85,0.13,5.1,3.0,none,project_heavy,afternoon,panic_mode,7.1475625
7,263,8,6.4,0,20.8,12.8,11.9,0.86,0.01,7.1,3.0,basic,memorization_heavy,Evening,No_issue,14.259885
4,160,2,8.9,7,19.5,9.8,9.2,0.21,0.63,4.4,3.0,none,memorization_heavy,morning,panic_mode,11.195862
9,156,4,5.5,2,33.0,12.3,14.5,0.41,0.76,6.7,2.0,strong,memorization_heavy,afternoon,No_issue,16.173634
6,288,8,7.6,2,12.9,8.7,12.0,0.88,0.36,7.2,,strong,project_heavy,Evening,No_issue,12.681933
8,147,7,8.8,0,3.4,12.4,11.4,0.7,0.72,4.8,2.0,basic,project_heavy,Evening,No_issue,11.906486
8,225,8,6.4,4,26.7,12.3,14.9,0.88,0.31,3.1,2.0,basic,project_heavy,Evening,No_issue,16.211798
2,97,2,7.2,2,22.6,9.0,9.5,0.24,0.27,8.8,3.0,none,project_heavy,afternoon,panic_mode,10.084848
6,158,9,4.3,4,29.9,19.5,19.9,0.92,0.25,8.4,3.0,strong,memorization_heavy,afternoon,No_issue,19.568455
4,218,0,5.1,0,18.8,11.2,12.1,0.06,0.39,3.0,2.0,basic,theory_heavy,morning,Denial_mode,7.782677
8,271,8,8.4,7,19.4,11.3,14.0,0.9,0.05,6.4,2.0,basic,project_heavy,afternoon,No_issue,15.260079
4,52,0,8.2,5,1.8,7.9,11.7,0.06,0.34,8.8,3.0,none,project_heavy,afternoon,No_issue,10.029625
1,156,1,8.7,2,0.3,16.0,15.3,0.15,0.65,7.6,4.0,strong,project_heavy,morning,Denial_mode,6.133435
1,294,1,7.9,3,1.1,9.2,11.3,0.15,0.16,3.6,3.0,,memorization_heavy,afternoon,Denial_mode,5.43705
4,300,4,8.2,6,39.8,7.8,9.4,0.47,0.7,5.7,2.0,none,memorization_heavy,morning,No_issue,13.790243
5,148,7,7.5,2,16.2,14.1,12.9,0.79,0.96,8.3,1.0,none,memorization_heavy,morning,Denial_mode,9.427492
4,63,8,5.3,2,10.7,17.0,11.2,0.9,0.87,5.6,,basic,memorization_heavy,morning,No_issue,13.87291
9,256,3,7.5,4,9.6,13.7,13.5,0.31,0.6,6.0,3.0,basic,theory_heavy,morning,No_issue,14.215266
5,103,2,8.0,4,22.6,13.6,14.1,0.24,0.49,5.8,2.0,strong,project_heavy,afternoon,Denial_mode,10.54161
3,74,9,8.4,6,15.0,16.4,16.0,0.95,0.03,7.3,2.0,strong,project_heavy,afternoon,No_issue,17.4128
0,79,1,5.9,4,0.8,13.2,11.3,0.13,0.93,6.5,5.0,none,memorization_heavy,morning,Denial_mode,4.1229897
5,157,6,4.9,1,11.3,12.8,10.1,0.68,0.52,5.9,2.0,none,project_heavy,afternoon,No_issue,12.592098
0,103,0,5.7,2,10.8,12.2,10.6,0.09,0.64,4.7,3.0,none,theory_heavy,afternoon,panic_mode,10.0317545
7,63,3,7.4,1,22.4,9.7,15.6,0.33,0.01,4.6,2.0,basic,project_heavy,morning,No_issue,15.320983
9,281,1,6.9,5,21.8,17.2,14.2,0.19,0.37,5.7,3.0,strong,project_heavy,morning,No_issue,16.876516
6,139,1,6.9,0,5.8,4.5,13.0,0.17,0.04,8.5,3.0,basic,memorization_heavy,afternoon,No_issue,11.493205
9,145,7,4.3,1,9.7,14.2,12.0,0.77,0.57,3.3,3.0,strong,project_heavy,morning,panic_mode,10.085954
2,135,8,8.3,6,26.4,15.8,18.0,0.87,0.28,4.9,3.0,strong,memorization_heavy,Evening,panic_mode,15.264101
9,133,3,5.2,6,25.4,15.7,,0.37,0.45,6.3,,strong,memorization_heavy,morning,panic_mode,13.967959
10,115,0,4.4,7,16.4,16.6,13.8,0.04,0.91,3.4,2.0,basic,project_heavy,afternoon,Denial_mode,11.322555
5,287,2,7.6,7,13.3,11.5,12.5,0.27,0.92,6.7,1.0,basic,memorization_heavy,afternoon,Denial_mode,8.254955
4,241,1,8.4,6,17.3,11.6,12.1,0.12,0.14,5.0,2.0,none,memorization_heavy,afternoon,Denial_mode,7.972078
2,144,3,5.2,6,16.7,15.6,15.9,0.4,0.89,6.9,3.0,basic,project_heavy,morning,panic_mode,14.269283
7,148,2,8.7,7,10.7,5.5,6.8,0.25,0.0,7.5,3.0,none,theory_heavy,afternoon,panic_mode,7.5020647
8,89,1,8.3,6,9.0,14.5,13.4,0.13,0.92,9.0,3.0,none,project_heavy,morning,panic_mode,11.346186
6,112,3,5.5,0,13.7,15.0,17.0,0.36,0.93,7.5,3.0,basic,memorization_heavy,morning,No_issue,16.330015
4,176,5,4.2,2,12.0,16.4,10.4,0.53,0.55,3.3,3.0,basic,memorization_heavy,Evening,panic_mode,8.622018
7,223,4,4.5,5,33.1,4.6,9.6,0.43,0.45,8.3,4.0,none,memorization_heavy,afternoon,panic_mode,9.330943
8,208,3,6.8,4,2.0,9.1,9.9,0.4,0.91,6.7,4.0,,project_heavy,afternoon,panic_mode,6.524104
9,123,4,4.4,6,21.8,4.0,11.1,0.49,0.22,8.5,2.0,basic,memorization_heavy,Evening,Denial_mode,6.1343203
7,65,7,7.3,7,35.9,13.8,18.0,0.72,0.45,7.6,2.0,strong,project_heavy,morning,No_issue,18.102251
6,74,6,5.9,1,30.7,16.1,12.0,0.68,0.87,3.8,2.0,none,project_heavy,morning,No_issue,16.315605
6,79,0,8.7,6,23.6,15.2,20.0,0.07,0.35,8.1,2.0,strong,project_heavy,Evening,Denial_mode,12.325547
2,78,3,6.6,5,36.6,8.1,11.0,0.37,0.42,8.1,4.0,basic,project_heavy,morning,No_issue,13.861719
8,240,9,6.3,3,29.9,7.6,13.8,0.9,0.1,4.7,2.0,,memorization_heavy,afternoon,No_issue,14.6299715
3,263,0,6.7,6,34.6,7.1,11.5,0.0,0.82,3.2,3.0,none,theory_heavy,morning,panic_mode,10.333153
6,290,4,8.0,7,29.4,7.9,13.1,0.42,0.91,4.6,2.0,basic,project_heavy,afternoon,No_issue,14.160322
2,271,2,7.8,4,21.9,14.0,,0.29,0.51,5.7,3.0,strong,memorization_heavy,Evening,No_issue,15.691544
10,279,0,6.6,2,14.2,18.6,16.6,0.08,0.98,8.8,3.0,strong,memorization_heavy,afternoon,No_issue,16.62454
1,264,4,5.0,1,2.4,3.4,6.0,0.4,0.12,3.6,5.0,none,project_heavy,morning,Denial_mode,1.4697907
0,227,6,8.2,3,7.7,6.9,6.0,0.67,0.9,8.8,4.0,none,theory_heavy,morning,panic_mode,6.0598083
2,207,2,7.4,6,22.0,9.3,9.5,0.27,0.96,7.0,4.0,none,theory_heavy,afternoon,panic_mode,10.639562
4,190,1,6.9,0,20.5,10.7,6.9,0.17,0.91,3.8,,none,memorization_heavy,afternoon,panic_mode,9.560914
4,90,1,6.1,1,2.6,9.9,8.9,0.15,0.82,7.3,4.0,none,project_heavy,Evening,panic_mode,6.0765753
7,122,8,7.4,3,16.7,7.8,7.8,0.86,0.45,4.8,2.0,none,theory_heavy,Evening,No_issue,10.402974
3,265,4,6.2,4,34.4,14.6,16.4,0.44,0.73,3.6,3.0,strong,memorization_heavy,morning,panic_mode,15.325052
1,169,6,7.6,0,8.2,5.8,6.9,0.7,0.08,3.3,5.0,none,theory_heavy,Evening,panic_mode,6.0940914
0,287,7,4.5,3,11.3,16.7,16.7,0.71,0.89,6.6,3.0,strong,project_heavy,morning,No_issue,16.065811
7,54,1,5.2,0,6.5,12.0,17.4,0.11,0.12,3.8,4.0,basic,project_heavy,afternoon,panic_mode,12.646833
8,75,4,8.4,2,26.5,6.9,7.1,0.48,0.36,5.1,2.0,basic,memorization_heavy,Evening,No_issue,10.525624
2,82,5,4.5,0,7.0,7.1,12.5,0.59,0.41,3.5,5.0,none,theory_heavy,afternoon,panic_mode,9.950192
3,166,0,6.5,3,2.2,1.7,7.7,0.09,0.06,4.4,4.0,none,theory_heavy,Evening,panic_mode,4.757495
6,209,5,4.8,28,31.7,18.3,15.1,0.5,0.57,3.4,2.0,none,project_heavy,Evening,No_issue,17.460968
0,167,5,5.5,5,3.0,8.5,9.4,0.59,0.12,3.7,5.0,none,theory_heavy,morning,Denial_mode,3.0166793
5,286,7,6.6,4,25.2,9.9,14.5,0.77,0.46,8.4,3.0,none,memorization_heavy,afternoon,No_issue,15.4332075
4,120,9,8.2,3,17.2,12.1,12.5,0.97,0.51,7.6,,basic,project_heavy,morning,No_issue,14.577692
5,91,2,8.8,0,0.0,14.6,15.6,0.27,0.44,4.7,2.0,basic,project_heavy,afternoon,Denial_mode,7.5938134
3,93,2,8.5,5,28.6,13.3,12.6,0.26,0.99,3.0,2.0,basic,theory_heavy,morning,Denial_mode,8.6573715
1,148,9,7.4,5,2.5,12.2,12.4,0.92,0.78,3.2,4.0,none,project_heavy,morning,Denial_mode,5.8235254
7,224,8,6.5,4,39.2,8.6,12.7,0.9,0.77,6.0,2.0,none,theory_heavy,morning,No_issue,14.11646
5,80,0,6.7,7,25.6,11.6,11.6,0.03,0.7,5.4,3.0,basic,theory_heavy,morning,panic_mode,12.337454
7,178,1,8.5,1,15.9,17.1,13.9,0.16,0.84,4.2,2.0,strong,memorization_heavy,Evening,Denial_mode,11.373887
8,132,2,5.1,0,36.2,12.5,12.7,0.21,0.08,8.5,1.0,basic,theory_heavy,Evening,Denial_mode,9.797554
8,278,5,6.2,4,33.7,11.4,,0.58,0.3,8.1,2.0,basic,memorization_heavy,Evening,Denial_mode,9.563912
6,123,6,5.5,1,12.0,20.0,19.3,0.65,0.56,3.6,3.0,strong,theory_heavy,Evening,panic_mode,15.130557
9,60,6,8.0,6,14.5,9.0,9.5,0.7,0.58,5.4,,basic,project_heavy,Evening,No_issue,11.622437
9,253,9,8.9,0,28.9,7.9,13.4,0.91,0.64,8.2,2.0,strong,memorization_heavy,afternoon,Denial_mode,9.558465
1,293,1,8.7,4,10.5,10.8,15.8,0.14,0.19,4.1,,basic,project_heavy,afternoon,panic_mode,12.198156
0,220,2,8.0,5,8.5,10.5,14.0,0.28,0.99,3.4,4.0,basic,memorization_heavy,afternoon,panic_mode,10.711956
10,199,8,7.5,6,38.2,11.3,9.2,0.87,0.92,6.5,3.0,none,project_heavy,Evening,panic_mode,12.010957
1,64,7,7.9,2,9.9,6.4,6.3,0.77,0.74,4.6,4.0,none,project_heavy,morning,panic_mode,6.6676087
5,274,6,7.4,5,27.9,7.3,5.9,0.68,0.61,3.5,2.0,none,theory_heavy,morning,No_issue,11.052835
9,118,7,5.2,6,1.7,4.7,,0.77,0.42,6.9,4.0,basic,theory_heavy,morning,panic_mode,7.2769547
4,117,0,5.8,5,4.5,6.0,9.1,0.08,0.27,7.4,5.0,none,memorization_heavy,Evening,panic_mode,6.739456
1,88,2,5.7,7,2.2,9.4,12.9,0.24,0.07,4.8,5.0,basic,project_heavy,morning,Denial_mode,5.48727
0,114,5,4.8,0,11.3,14.5,20.0,0.56,0.46,7.8,3.0,strong,theory_heavy,Evening,No_issue,17.21713
10,228,9,7.4,0,11.4,5.2,11.1,0.91,0.3,8.5,1.0,none,memorization_heavy,morning,Denial_mode,6.2075787
8,209,2,4.1,1,11.1,15.2,15.1,0.2,0.25,8.2,1.0,strong,project_heavy,Evening,Denial_mode,10.0682535
10,247,7,4.2,1,13.0,4.8,7.4,0.8,0.49,7.4,3.0,none,project_heavy,Evening,panic_mode,6.887279
7,66,7,8.2,0,6.4,13.1,9.9,0.77,0.92,4.3,3.0,none,memorization_heavy,morning,panic_mode,8.431554
1,203,7,8.5,7,3.1,13.5,15.9,0.79,0.52,7.6,4.0,strong,project_heavy,morning,Denial_mode,8.741765
0,117,4,5.0,2,1.3,7.8,9.8,0.48,0.16,7.6,4.0,none,memorization_heavy,Evening,Denial_mode,3.3359103
8,287,5,8.9,0,16.2,14.8,16.8,0.58,0.41,7.9,2.0,strong,theory_heavy,morning,No_issue,17.47583
0,51,5,4.4,1,0.5,18.6,18.8,0.54,0.63,5.3,,strong,project_heavy,Evening,Denial_mode,8.27896
5,137,9,8.8,2,0.6,9.0,9.4,0.96,0.85,6.4,3.0,,memorization_heavy,Evening,panic_mode,4.8220677
3,191,6,5.3,2,22.8,14.7,18.7,0.68,0.18,7.9,2.0,strong,project_heavy,morning,No_issue,17.967237
10,101,0,7.4,5,6.3,12.0,11.8,0.07,0.28,5.0,,basic,theory_heavy,morning,Denial_mode,6.1150045
9,174,3,7.9,4,13.6,7.8,9.4,0.38,0.35,5.4,2.0,none,memorization_heavy,afternoon,No_issue,11.55264
6,162,6,4.2,5,24.2,10.2,14.0,0.65,0.47,4.9,3.0,basic,memorization_heavy,Evening,panic_mode,13.232954
2,118,8,5.0,5,19.6,12.9,16.3,0.88,0.1,4.4,,strong,project_heavy,afternoon,panic_mode,14.475806
10,123,9,7.5,0,5.4,2.6,11.5,0.95,0.5,7.3,3.0,none,project_heavy,Evening,No_issue,10.988983
3,111,7,7.0,0,15.3,15.7,12.5,0.74,0.84,3.7,2.0,basic,memorization_heavy,Evening,No_issue,14.964744
2,105,7,5.2,4,29.6,10.5,9.9,0.72,0.39,5.6,4.0,basic,memorization_heavy,morning,panic_mode,12.344189
2,72,4,7.4,3,8.0,10.9,11.7,0.47,0.25,3.6,,basic,theory_heavy,afternoon,panic_mode,9.972981
3,272,1,7.6,3,26.9,6.1,10.5,0.2,0.35,5.6,2.0,none,memorization_heavy,afternoon,Denial_mode,7.1029387
4,91,3,5.5,5,27.6,19.1,19.3,0.39,0.62,3.8,2.0,strong,memorization_heavy,afternoon,No_issue,19.605803
4,199,0,5.0,2,0.3,8.7,13.5,0.09,0.15,7.2,4.0,strong,theory_heavy,morning,No_issue,11.48477
8,70,8,4.6,7,16.4,13.3,10.3,0.84,0.57,3.4,3.0,none,theory_heavy,afternoon,panic_mode,9.643818
4,81,9,8.8,7,22.0,8.5,11.7,0.98,0.3,4.5,2.0,none,memorization_heavy,Evening,No_issue,12.824657
2,125,5,5.2,1,11.2,7.9,9.5,0.56,0.48,3.2,3.0,none,project_heavy,Evening,panic_mode,8.580506
2,245,6,5.3,6,24.3,11.5,15.8,0.63,0.04,7.4,3.0,strong,memorization_heavy,morning,panic_mode,14.845667
8,74,4,8.3,3,25.2,10.5,11.8,0.41,0.66,8.2,1.0,none,memorization_heavy,afternoon,Denial_mode,8.224222
7,117,5,8.9,0,29.7,15.2,13.7,0.57,0.97,5.9,1.0,strong,project_heavy,Evening,No_issue,16.438343
7,155,0,5.3,4,6.8,10.6,13.6,0.06,0.51,6.5,4.0,,project_heavy,Evening,No_issue,13.031161
1,168,1,6.2,4,6.3,17.4,17.3,0.2,0.57,6.0,5.0,strong,theory_heavy,morning,No_issue,17.007277
1,171,5,5.3,7,8.4,9.4,10.5,0.59,0.46,6.9,4.0,basic,memorization_heavy,Evening,panic_mode,9.381139
8,99,2,5.2,28,31.7,6.1,25.0,0.21,0.7,4.6,3.0,none,theory_heavy,afternoon,panic_mode,12.861577
5,109,7,5.7,5,28.1,9.8,10.9,0.76,0.8,7.2,3.0,none,project_heavy,afternoon,No_issue,13.781183
3,259,8,7.9,3,6.5,4.8,,0.89,0.18,7.9,4.0,none,memorization_heavy,morning,panic_mode,10.312647
9,150,0,4.9,4,32.9,11.8,13.0,0.01,0.19,3.7,2.0,none,memorization_heavy,Evening,Denial_mode,9.66453
8,193,0,4.9,3,8.0,5.2,9.2,0.0,0.4,8.0,3.0,none,memorization_heavy,afternoon,panic_mode,7.573835
3,63,2,7.7,5,38.9,14.0,9.4,0.22,0.99,3.2,2.0,none,project_heavy,Evening,Denial_mode,7.382385
6,216,0,4.0,6,29.7,16.4,16.9,0.08,0.94,6.5,3.0,strong,project_heavy,morning,panic_mode,16.077042
0,58,5,5.2,2,7.8,4.6,10.4,0.55,0.28,3.6,5.0,none,memorization_heavy,morning,panic_mode,8.4647875
1,244,5,8.6,2,10.8,20.0,14.2,0.52,0.93,8.6,2.0,basic,memorization_heavy,Evening,Denial_mode,9.829025
2,220,8,5.9,2,9.4,12.3,16.1,0.81,0.3,7.9,4.0,none,memorization_heavy,Evening,No_issue,15.298874
8,92,7,6.9,2,13.7,12.5,13.2,0.73,0.99,5.0,2.0,none,memorization_heavy,afternoon,No_issue,14.209941
0,62,8,5.4,4,2.5,13.6,12.3,0.82,0.9,6.7,4.0,none,theory_heavy,morning,Denial_mode,6.1129427
9,135,7,5.4,6,18.8,9.8,13.9,0.73,0.34,6.3,2.0,basic,memorization_heavy,Evening,No_issue,15.059731
0,200,7,6.2,1,5.3,11.6,10.5,0.7,0.68,6.8,5.0,none,theory_heavy,afternoon,No_issue,11.333771
10,246,0,7.0,0,10.8,6.1,10.1,0.08,0.17,6.6,2.0,none,project_heavy,Evening,Denial_mode,6.3822966
6,221,2,7.3,4,21.6,17.1,19.1,0.28,0.84,3.2,2.0,strong,memorization_heavy,Evening,Denial_mode,12.543122
7,225,6,8.0,0,28.9,15.8,15.1,0.61,0.36,7.2,2.0,none,memorization_heavy,afternoon,No_issue,17.718576
8,269,9,8.0,1,17.4,12.5,16.6,0.91,0.21,4.9,1.0,strong,theory_heavy,Evening,No_issue,16.663559
8,167,8,6.9,7,14.7,8.7,8.9,0.82,0.93,4.8,3.0,none,memorization_heavy,afternoon,panic_mode,8.395023
7,181,3,6.6,4,4.1,12.1,14.3,0.37,0.57,6.2,5.0,none,theory_heavy,morning,No_issue,13.068595
7,267,9,4.1,3,5.4,13.1,13.8,0.94,0.63,8.5,4.0,,theory_heavy,morning,No_issue,12.906656
8,219,5,7.5,4,11.8,13.4,14.4,0.51,0.15,5.0,2.0,none,project_heavy,morning,No_issue,14.69147
1,94,3,4.4,7,11.2,13.0,13.7,0.36,0.62,3.5,4.0,none,theory_heavy,Evening,panic_mode,11.0925045
10,198,7,8.7,5,9.5,7.1,11.8,0.76,0.37,6.9,3.0,basic,theory_heavy,afternoon,No_issue,11.787674
0,99,8,8.7,5,10.9,10.7,7.6,0.85,0.43,4.8,4.0,none,memorization_heavy,afternoon,panic_mode,8.264702
0,229,1,6.7,6,9.3,13.2,17.0,0.14,0.99,7.5,5.0,strong,memorization_heavy,morning,panic_mode,13.516258
7,103,6,8.5,2,12.1,12.0,13.7,0.65,0.85,6.4,,none,project_heavy,Evening,No_issue,14.319087
0,141,8,7.4,7,2.5,13.2,13.7,0.89,0.04,4.0,4.0,strong,memorization_heavy,Evening,Denial_mode,7.2276893
10,259,7,7.6,2,26.3,12.3,11.5,0.74,0.31,5.1,1.0,none,memorization_heavy,Evening,No_issue,14.97548
10,70,4,6.0,1,9.5,13.3,15.7,0.47,0.9,5.4,4.0,strong,theory_heavy,Evening,No_issue,14.584616
4,116,2,4.5,4,0.9,14.6,14.7,0.24,0.35,5.2,3.0,strong,project_heavy,afternoon,No_issue,12.853879
3,262,2,4.2,7,15.5,12.2,11.3,0.23,0.44,3.0,3.0,none,theory_heavy,Evening,panic_mode,9.727274
10,272,6,5.8,0,10.3,12.2,13.1,0.65,0.97,7.8,,basic,project_heavy,morning,No_issue,14.017972
2,206,0,6.9,1,18.4,12.0,17.8,0.0,0.34,6.9,3.0,strong,theory_heavy,afternoon,No_issue,17.318811
10,83,2,4.1,4,27.1,17.0,15.7,0.27,0.8,8.9,3.0,basic,project_heavy,Evening,No_issue,17.166744
2,239,8,6.3,7,36.3,1.7,8.6,0.87,0.07,8.7,4.0,basic,project_heavy,morning,panic_mode,8.366747
1,114,8,5.2,2,4.4,11.7,12.1,0.86,0.74,6.9,5.0,none,memorization_heavy,morning,Denial_mode,5.538301
8,281,6,6.0,3,27.4,18.5,15.1,0.68,0.79,5.6,4.0,basic,memorization_heavy,afternoon,No_issue,17.667423
4,179,4,8.0,1,15.9,8.2,11.5,0.47,0.58,8.3,2.0,basic,project_heavy,afternoon,Denial_mode,6.8756647
9,105,5,6.9,5,16.2,4.5,10.7,0.51,0.34,5.4,3.0,basic,memorization_heavy,Evening,No_issue,12.03012
6,80,5,4.2,4,30.4,9.6,12.3,0.59,0.49,7.4,2.0,basic,project_heavy,morning,No_issue,14.502217
6,140,9,8.0,3,21.2,9.0,6.6,0.96,0.72,5.5,2.0,none,project_heavy,afternoon,No_issue,10.579346
5,50,5,8.4,3,26.0,10.0,6.8,0.53,0.93,8.1,2.0,none,project_heavy,morning,Denial_mode,5.8840194
6,136,4,8.7,2,5.8,11.5,13.1,0.46,0.76,8.9,,basic,memorization_heavy,morning,Denial_mode,6.896932
8,95,4,8.6,0,31.6,8.2,7.6,0.42,0.77,7.0,1.0,none,project_heavy,afternoon,No_issue,10.202084
9,82,1,6.5,4,21.2,11.6,14.7,0.13,0.67,7.4,2.0,basic,theory_heavy,afternoon,Denial_mode,9.578699
6,106,6,6.4,1,37.7,14.4,19.6,0.62,0.3,8.8,2.0,strong,memorization_heavy,morning,Denial_mode,12.858594
10,228,9,5.1,4,17.5,9.0,,0.99,0.07,4.0,3.0,strong,project_heavy,afternoon,panic_mode,11.840135
10,76,8,8.4,1,0.4,18.9,17.7,0.9,0.95,7.2,3.0,basic,theory_heavy,Evening,No_issue,15.51226
7,216,3,6.0,1,38.8,9.9,,0.38,0.62,7.1,3.0,none,memorization_heavy,afternoon,panic_mode,12.305889
9,225,5,5.1,5,28.5,10.2,13.7,0.59,0.12,5.7,4.0,basic,memorization_heavy,afternoon,No_issue,15.6112175
6,52,1,5.1,0,37.3,10.0,11.8,0.16,0.02,7.2,3.0,basic,theory_heavy,morning,No_issue,14.734958
7,91,3,7.4,0,4.8,6.0,12.7,0.33,0.43,4.7,2.0,basic,theory_heavy,Evening,No_issue,11.9159155
4,99,6,4.8,6,27.8,20.0,19.6,0.63,0.9,7.4,2.0,strong,memorization_heavy,afternoon,No_issue,19.845716
1,125,6,7.6,2,5.1,13.1,13.7,0.68,0.81,5.1,4.0,strong,memorization_heavy,Evening,No_issue,12.573591
4,299,1,8.9,1,11.6,12.5,16.6,0.16,0.22,3.1,2.0,none,theory_heavy,morning,Denial_mode,10.792555
6,234,8,4.5,0,6.5,4.8,7.2,0.86,0.47,8.4,4.0,,memorization_heavy,Evening,panic_mode,6.4800134
10,120,9,5.0,7,21.1,15.2,16.1,0.94,0.41,6.8,3.0,basic,project_heavy,Evening,panic_mode,15.334625
10,67,0,4.2,6,19.9,3.9,8.8,0.02,0.3,6.7,5.0,none,theory_heavy,afternoon,panic_mode,7.7860746
8,265,9,5.9,4,37.4,10.8,16.6,0.96,0.38,5.1,,strong,memorization_heavy,Evening,No_issue,16.606676
9,96,6,7.0,3,36.6,6.5,8.8,0.61,0.32,4.1,3.0,basic,project_heavy,morning,panic_mode,9.823696
5,103,0,8.5,4,18.0,8.7,13.4,0.0,0.85,7.1,1.0,basic,project_heavy,morning,Denial_mode,8.163669
3,177,0,6.5,5,4.8,8.8,9.1,0.0,0.83,4.5,4.0,none,theory_heavy,morning,panic_mode,7.1103787
3,63,4,5.7,0,28.8,12.0,12.2,0.42,0.03,6.6,2.0,basic,project_heavy,Evening,No_issue,15.258789
6,248,2,5.1,5,3.0,17.8,15.0,0.23,0.76,5.3,4.0,strong,project_heavy,morning,No_issue,14.230357
3,188,6,7.8,4,24.3,7.1,10.6,0.64,0.27,4.5,1.0,none,memorization_heavy,Evening,No_issue,12.934153
1,239,1,4.0,5,2.1,6.3,5.9,0.11,0.63,7.9,5.0,none,project_heavy,Evening,Denial_mode,0.6712319
0,157,3,4.6,2,9.6,14.0,15.6,0.39,0.68,6.0,4.0,none,memorization_heavy,afternoon,No_issue,14.961059
9,192,4,8.2,4,13.7,11.3,13.6,0.41,0.58,5.4,1.0,basic,memorization_heavy,morning,No_issue,14.4431925
7,150,6,4.9,1,29.2,14.2,13.6,0.66,0.51,5.2,3.0,basic,project_heavy,Evening,No_issue,16.468569
4,140,1,8.6,2,2.3,14.1,10.9,0.13,0.85,5.7,2.0,basic,memorization_heavy,afternoon,Denial_mode,5.638046
3,199,3,4.0,2,15.1,4.2,13.2,0.35,0.46,3.2,2.0,basic,theory_heavy,Evening,No_issue,13.308105
10,77,2,5.6,7,36.8,4.5,7.1,0.2,0.58,6.5,4.0,none,project_heavy,morning,panic_mode,11.268184
4,139,7,7.4,4,7.5,20.0,18.3,0.77,0.96,8.5,2.0,basic,theory_heavy,afternoon,Denial_mode,10.359619
0,106,5,7.4,3,2.6,12.5,15.6,0.53,0.14,6.4,3.0,basic,memorization_heavy,afternoon,Denial_mode,8.31782
5,205,9,8.7,5,38.6,8.1,9.8,0.91,0.72,3.2,2.0,basic,theory_heavy,afternoon,No_issue,12.433624
5,142,9,7.2,2,29.5,17.9,,0.94,0.95,3.2,1.0,strong,theory_heavy,morning,No_issue,16.382751
5,189,3,5.1,5,23.4,7.1,11.1,0.35,0.93,5.2,2.0,basic,project_heavy,Evening,No_issue,13.348315
2,70,3,4.7,5,24.8,8.1,9.1,0.38,0.63,4.2,5.0,none,theory_heavy,afternoon,panic_mode,11.120691
0,96,8,8.2,2,0.8,7.5,11.2,0.84,0.11,8.6,4.0,basic,memorization_heavy,morning,Denial_mode,3.7001152
0,300,8,7.3,5,2.2,10.6,9.8,0.89,0.78,9.0,4.0,none,project_heavy,afternoon,Denial_mode,3.3713171
1,177,9,4.6,4,6.2,11.7,14.1,0.95,0.23,6.1,,basic,memorization_heavy,morning,No_issue,12.877053
9,230,3,8.4,7,24.5,3.2,5.5,0.39,0.08,6.1,3.0,none,project_heavy,morning,panic_mode,7.0100393
8,85,7,7.4,30,18.7,12.9,12.8,0.72,0.9,4.3,1.0,none,memorization_heavy,morning,No_issue,14.886346
0,275,0,7.1,5,11.0,19.6,17.6,0.09,0.86,4.8,3.0,strong,project_heavy,Evening,panic_mode,15.43083
3,169,8,7.6,5,28.6,6.3,7.8,0.84,0.55,3.8,3.0,none,theory_heavy,afternoon,panic_mode,9.127168
8,145,7,7.7,1,33.3,5.0,8.6,0.77,0.1,7.5,1.0,basic,theory_heavy,afternoon,No_issue,12.043
10,187,5,6.0,6,6.5,13.0,15.8,0.57,0.69,7.7,4.0,strong,project_heavy,afternoon,panic_mode,13.173883
8,114,1,5.8,3,3.0,11.1,10.5,0.17,0.51,5.7,3.0,none,project_heavy,Evening,No_issue,9.906524
7,198,0,8.3,6,13.8,10.3,9.1,0.03,0.83,6.9,3.0,none,theory_heavy,Evening,panic_mode,9.135692
2,278,9,6.9,7,11.4,1.5,7.8,0.91,0.37,5.5,4.0,basic,project_heavy,morning,panic_mode,5.3765984
5,238,1,4.4,7,19.0,10.3,14.0,0.12,0.11,3.2,3.0,basic,memorization_heavy,morning,panic_mode,12.888348
1,278,4,5.7,7,3.0,10.0,12.4,0.41,0.2,4.2,5.0,none,project_heavy,morning,Denial_mode,5.7155714
9,64,3,4.2,7,14.8,7.4,10.2,0.37,0.32,8.2,3.0,none,memorization_heavy,afternoon,panic_mode,9.510615
6,87,1,5.7,1,15.7,8.9,12.2,0.11,0.6,8.0,2.0,basic,project_heavy,Evening,Denial_mode,6.9454184
4,195,1,5.6,7,7.9,7.6,9.3,0.18,0.39,8.9,5.0,basic,memorization_heavy,afternoon,panic_mode,7.440807
7,296,6,6.7,7,32.6,7.2,8.5,0.65,0.44,8.9,4.0,none,theory_heavy,morning,panic_mode,9.645263
2,75,0,8.7,3,10.6,10.8,15.5,0.02,0.08,4.6,3.0,basic,project_heavy,Evening,panic_mode,12.228168
7,143,2,5.8,4,9.4,8.7,11.2,0.21,0.71,7.6,5.0,strong,theory_heavy,morning,No_issue,11.97184
9,171,2,5.2,1,35.8,14.8,13.5,0.25,0.62,4.6,3.0,basic,theory_heavy,morning,panic_mode,12.721876
4,104,8,5.8,1,33.8,6.1,7.4,0.83,0.66,5.5,,none,memorization_heavy,Evening,panic_mode,9.110245
8,87,0,5.7,2,21.1,7.6,8.9,0.06,0.93,4.7,2.0,basic,memorization_heavy,morning,Denial_mode,5.290193
8,275,2,5.1,2,33.5,15.1,15.8,0.27,0.77,3.0,,basic,theory_heavy,Evening,panic_mode,15.100672
8,86,8,7.1,0,10.2,7.5,12.9,0.89,0.08,6.9,1.0,none,theory_heavy,morning,No_issue,13.1046715
0,269,6,5.6,3,1.2,11.2,17.2,0.69,0.06,3.1,,strong,theory_heavy,Evening,Denial_mode,7.6268315
5,159,8,6.9,3,0.3,8.9,8.4,0.86,0.89,8.6,4.0,basic,theory_heavy,afternoon,panic_mode,4.1614113
7,276,1,4.8,0,27.7,8.3,12.5,0.11,0.32,9.0,3.0,none,project_heavy,afternoon,No_issue,13.9748745
5,266,8,5.7,1,17.7,11.3,13.1,0.8,0.57,6.4,2.0,basic,memorization_heavy,afternoon,No_issue,14.548336
6,207,8,8.5,5,25.5,18.6,20.0,0.88,0.85,3.5,2.0,strong,memorization_heavy,Evening,No_issue,18.98776
4,155,9,4.2,6,5.4,12.6,13.2,0.95,0.34,4.1,,basic,theory_heavy,afternoon,panic_mode,8.917433
0,65,8,8.7,1,10.8,14.4,13.5,0.88,0.52,5.8,2.0,basic,theory_heavy,afternoon,No_issue,14.011204
9,123,6,6.4,0,2.9,9.4,11.0,0.63,0.29,3.0,4.0,none,project_heavy,morning,panic_mode,7.1410346
5,137,6,4.2,0,39.1,4.9,8.5,0.67,0.12,5.6,3.0,basic,theory_heavy,afternoon,panic_mode,8.9020605
4,101,8,8.4,1,9.6,6.3,11.2,0.87,0.14,5.9,2.0,basic,project_heavy,afternoon,No_issue,11.573176
9,189,5,5.2,0,12.6,4.7,9.6,0.53,0.05,5.1,3.0,none,project_heavy,morning,panic_mode,8.782638
8,117,7,4.0,2,21.0,8.3,8.0,0.76,0.49,7.1,4.0,,theory_heavy,afternoon,panic_mode,8.67464
6,274,5,6.8,2,5.4,10.7,11.5,0.59,1.0,4.5,3.0,basic,theory_heavy,Evening,panic_mode,7.879904
9,256,2,7.3,5,12.5,9.7,11.4,0.2,0.42,6.8,2.0,none,theory_heavy,afternoon,Denial_mode,7.316311
3,198,1,6.3,2,16.6,17.8,,0.16,0.57,8.3,2.0,basic,memorization_heavy,Evening,Denial_mode,10.555204
2,141,1,7.0,6,12.5,9.2,11.6,0.16,0.97,6.5,3.0,none,theory_heavy,morning,panic_mode,10.094544
2,110,1,4.7,1,11.5,20.0,16.4,0.13,0.6,5.5,3.0,strong,theory_heavy,afternoon,No_issue,16.537117
2,277,5,8.2,4,12.1,4.2,9.0,0.52,0.06,4.3,3.0,,theory_heavy,afternoon,panic_mode,8.219375
2,223,8,7.7,3,5.5,13.2,17.9,0.9,0.39,5.8,4.0,basic,project_heavy,afternoon,No_issue,15.512903
10,233,3,7.4,4,3.9,10.0,16.6,0.34,0.43,8.1,4.0,strong,memorization_heavy,Evening,No_issue,13.274863
8,207,5,5.5,5,16.5,15.0,16.0,0.57,0.98,3.1,2.0,none,memorization_heavy,morning,No_issue,17.003838
0,215,6,5.4,3,10.2,9.1,12.9,0.69,0.18,8.9,3.0,basic,theory_heavy,Evening,No_issue,13.0754595
6,248,3,6.2,3,37.3,9.7,14.0,0.39,0.36,4.2,2.0,basic,theory_heavy,morning,No_issue,15.72144
8,216,1,5.1,0,16.0,18.8,18.4,0.15,0.65,8.8,3.0,basic,memorization_heavy,morning,No_issue,18.23033
8,299,5,7.4,7,35.4,9.9,10.4,0.54,0.61,7.5,1.0,none,memorization_heavy,Evening,No_issue,13.485826
4,261,8,7.5,0,25.7,17.0,16.1,0.9,0.87,4.1,2.0,basic,theory_heavy,Evening,No_issue,17.505386
7,98,5,8.4,5,27.0,11.0,11.6,0.55,0.05,5.2,2.0,basic,project_heavy,morning,No_issue,14.492762
8,206,1,7.2,7,11.8,16.6,15.6,0.18,0.73,6.0,1.0,basic,theory_heavy,morning,Denial_mode,10.623023
8,185,2,6.0,2,23.1,10.7,16.2,0.24,0.08,5.1,3.0,none,project_heavy,afternoon,No_issue,16.143156
2,109,5,7.5,1,15.9,13.8,16.5,0.57,0.43,6.6,2.0,none,theory_heavy,Evening,No_issue,17.257067
1,95,4,7.3,7,5.5,12.0,11.6,0.49,0.3,3.9,4.0,basic,project_heavy,Evening,panic_mode,8.960876
10,202,6,8.5,3,18.4,9.0,12.8,0.61,0.34,7.7,1.0,basic,theory_heavy,afternoon,No_issue,14.155188
4,299,6,6.9,0,39.1,9.8,10.2,0.62,0.1,6.5,,none,project_heavy,Evening,No_issue,13.938467
5,57,8,5.0,7,22.7,14.8,13.6,0.85,0.94,6.2,,strong,theory_heavy,Evening,panic_mode,13.972309
3,138,4,6.4,0,28.7,12.9,14.8,0.46,0.39,8.3,2.0,basic,theory_heavy,Evening,Denial_mode,10.386436
7,249,4,7.5,1,22.5,7.8,12.0,0.47,0.54,3.4,2.0,basic,project_heavy,Evening,No_issue,13.091409
10,172,3,8.1,0,23.9,10.2,13.7,0.37,0.03,9.0,2.0,basic,project_heavy,afternoon,Denial_mode,9.818762
10,107,0,6.3,1,36.8,20.0,15.5,0.02,0.8,7.7,2.0,basic,project_heavy,morning,Denial_mode,12.336091
10,291,0,6.5,1,39.0,7.6,6.6,0.06,0.68,3.3,2.0,none,theory_heavy,Evening,Denial_mode,6.2376766
5,83,9,7.7,7,1.6,12.2,12.4,0.99,0.83,6.1,2.0,none,memorization_heavy,morning,No_issue,12.59364
2,210,2,5.2,4,23.3,6.5,9.8,0.28,0.88,4.5,4.0,none,project_heavy,afternoon,panic_mode,9.783503
8,220,7,7.0,3,16.3,4.7,10.5,0.75,0.0,7.2,1.0,none,theory_heavy,morning,No_issue,12.319531
0,209,4,6.4,6,10.6,16.9,18.1,0.41,0.55,6.2,4.0,strong,project_heavy,morning,panic_mode,15.090462
10,150,5,4.1,0,3.0,11.1,16.0,0.56,0.36,7.3,4.0,strong,memorization_heavy,Evening,No_issue,12.67396
0,54,0,8.6,7,3.0,15.9,17.9,0.08,0.46,8.8,3.0,strong,theory_heavy,morning,Denial_mode,10.3413315
0,80,0,8.7,3,11.1,10.5,,0.02,0.98,3.4,3.0,basic,memorization_heavy,afternoon,panic_mode,10.091365
3,270,1,4.9,7,15.0,19.6,15.9,0.2,0.53,7.3,2.0,strong,theory_heavy,Evening,Denial_mode,12.358978
1,214,0,6.3,3,5.4,19.1,16.9,0.0,0.99,4.1,5.0,basic,project_heavy,morning,panic_mode,13.688372
3,290,2,4.9,1,5.1,20.0,20.0,0.29,0.99,3.5,3.0,strong,theory_heavy,morning,panic_mode,14.558613
7,128,6,5.7,6,37.5,11.2,11.2,0.64,0.93,8.0,3.0,basic,project_heavy,afternoon,panic_mode,12.960524
6,90,3,5.9,4,25.9,12.8,15.9,0.32,0.65,4.7,2.0,basic,memorization_heavy,morning,No_issue,17.005817
2,143,1,6.8,5,15.4,11.6,10.0,0.11,0.76,5.6,5.0,basic,memorization_heavy,morning,panic_mode,9.320679
3,266,7,4.1,5,27.5,9.6,12.5,0.79,0.29,6.9,3.0,basic,project_heavy,afternoon,No_issue,14.597685
0,85,1,4.4,4,3.8,3.8,13.6,0.14,0.05,3.7,4.0,none,theory_heavy,Evening,Denial_mode,4.8566575
3,229,7,6.5,5,27.5,6.9,11.9,0.76,0.22,3.7,3.0,none,memorization_heavy,afternoon,panic_mode,10.227676
1,223,4,6.7,6,11.2,14.2,14.4,0.46,0.67,7.7,,basic,theory_heavy,afternoon,panic_mode,11.819986
2,207,6,5.3,7,39.6,10.4,12.2,0.64,0.03,7.0,3.0,basic,theory_heavy,morning,panic_mode,12.438116
5,141,5,7.6,1,2.7,3.1,9.6,0.55,0.41,7.2,4.0,basic,memorization_heavy,Evening,panic_mode,5.5740547
7,278,3,7.9,6,33.9,17.4,,0.35,0.94,5.9,1.0,basic,project_heavy,Evening,No_issue,16.752586
2,122,4,5.3,2,24.1,8.4,5.0,0.48,0.93,6.4,5.0,none,project_heavy,morning,panic_mode,8.564367
0,51,7,5.4,6,0.0,16.5,14.2,0.74,0.68,7.6,5.0,basic,project_heavy,Evening,Denial_mode,5.0241528
1,127,7,8.7,3,2.6,3.7,8.6,0.78,0.22,5.4,4.0,none,memorization_heavy,afternoon,Denial_mode,1.0983126
10,82,5,5.0,5,2.5,6.9,10.0,0.55,1.0,8.6,4.0,none,memorization_heavy,Evening,No_issue,7.153534
3,133,7,6.3,1,24.4,13.8,15.2,0.73,0.5,5.2,3.0,strong,memorization_heavy,afternoon,No_issue,17.084213
1,209,4,7.8,3,9.7,11.0,14.6,0.48,0.34,4.6,3.0,basic,theory_heavy,Evening,panic_mode,11.389708
2,73,5,6.1,7,5.3,13.6,12.6,0.52,0.62,7.3,5.0,strong,theory_heavy,afternoon,panic_mode,9.721188
10,288,5,8.8,5,16.6,13.8,12.8,0.53,0.12,4.8,3.0,basic,project_heavy,afternoon,panic_mode,12.108375
